calling_code,capital_city,capital_latitude,capital_latitude_sexa,capital_longitude,capital_longitude_sexa,ccTLD,continent,country,country_short,country_sv,currency_iso,currency_name,currency_symbol,EU,EU_EEA,flag,gdp_2021,gdp_per_capita_2021,gdp_per_capita_ppp_2021,gini,hci,hdi,iso2,iso3,iso_numeric,land_area,latitude,latitude_sexa,longitude,longitude_sexa,NATO,OECD,OPEC,population,sub_region,total_area,water_area
+93,Kabul,69.1783,34Â°31â€²31â€³N,34.5253,69Â°10â€²42â€³E,.af,Asia,Afghanistan,Afghanistan,Afghanistan,AFN,Afghan afghani,Ø‹,False,False,ğŸ‡¦ğŸ‡«,,,,,0.4,0.511,AF,AFG,4,652230.0,34.095632,34Â°5â€²44.3â€³N,66.26486,66Â°15â€²53.5â€³E,False,False,False,39835428.0,Southern Asia,652230.0,0.0
+355,Tirana,19.8178,41Â°19â€²44â€³N,41.3289,19Â°49â€²04â€³E,.al,Europe,Albania,Albania,Albanien,ALL,Albanian lek,L,False,False,ğŸ‡¦ğŸ‡±,18260043499.8068,6494.3857,15646.0415,33.2,0.634,0.795,AL,ALB,8,27398.0,41.1413,41Â°8â€²28.7â€³N,19.978775,19Â°58â€²43.6â€³E,True,False,False,2811666.0,Southern Europe,28748.0,1350.0
+213,Algiers,3.0589,36Â°45â€²14â€³N,36.7539,3Â°3â€²32â€³E,.dz,Africa,Algeria,Algeria,Algeriet,DZD,Algerian dinar,Ø¯.Ø¬,False,False,ğŸ‡©ğŸ‡¿,167983141738.311,3765.0346,12037.4812,27.6,0.535,0.748,DZ,DZA,12,2381740.0,28.033886,28Â°2â€²2.0â€³N,1.659626,1Â°39â€²34.7â€³E,False,False,True,44616626.0,Northern Africa,2381740.0,0.0
+1 684,Pago Pago,-170.7006,14Â°16â€²46â€³S,-14.2794,170Â°42â€²02â€³W,.as,Oceania,American Samoa,American Samoa,Amerikanska Samoa,USD,United States dollar,$,False,False,ğŸ‡¦ğŸ‡¸,,,,,,,AS,ASM,16,224.0,-14.270972,14Â°16â€²15.5â€³S,-170.132217,170Â°7â€²56.0â€³W,False,False,False,55103.0,Polynesia,224.0,0.0
+376,Andorra la Vella,1.5,42Â°30â€²N,42.5,01Â°30â€²E,.ad,Europe,Andorra,Andorra,Andorra,EUR,Euro,â‚¬,False,False,ğŸ‡¦ğŸ‡©,3329910723.76078,43047.6863,,,,0.868,AD,AND,20,468.0,42.546245,42Â°32â€²46.5â€³N,1.601554,1Â°36â€²5.6â€³E,False,False,False,77354.0,Southern Europe,468.0,0.0
+244,Luanda,13.2344,8Â°50â€²18â€³S,-8.8383,13Â°14â€²04â€³E,.ao,Africa,Angola,Angola,Angola,AOA,Angolan kwanza,Kz,False,False,ğŸ‡¦ğŸ‡´,72546985708.5707,2137.9094,6581.042,51.3,0.362,0.581,AO,AGO,24,1246700.0,-12.275669,12Â°16â€²32.4â€³S,17.995442,17Â°59â€²43.6â€³E,False,False,True,33933611.0,Middle Africa,1246700.0,0.0
+1 264,The Valley,-63.0517,18Â°13â€²15â€³N,18.2208,63Â°03â€²06â€³W,.ai,North America,Anguilla,Anguilla,Anguilla,XCD,Eastern Caribbean dollar,$,False,False,ğŸ‡¦ğŸ‡®,,,,,,,AI,AIA,660,91.0,18.223002,18Â°13â€²22.8â€³N,-63.049885,63Â°2â€²59.6â€³W,False,False,False,,Caribbean,91.0,0.0
+672,,,,,,.aq,,Antarctica,Antarctica,Antarktis,,,,False,False,ğŸ‡¦ğŸ‡¶,,,,,,,AQ,ATA,10,,-75.250973,75Â°15â€²3.5â€³S,-0.071389,0Â°4â€²17.0â€³W,False,False,False,,,14200000.0,
+1 268,St. John's,-61.85,17Â°07â€²N,17.1167,61Â°51â€²W,.ag,North America,Antigua and Barbuda,Antigua and Barbuda,Antigua och Barbuda,XCD,Eastern Caribbean dollar,$,False,False,ğŸ‡¦ğŸ‡¬,1471125925.92593,14900.7974,19837.6501,,0.596,0.778,AG,ATG,28,442.6,17.060816,17Â°3â€²38.9â€³N,-61.796428,61Â°47â€²47.1â€³W,False,False,False,98728.0,Caribbean,442.6,0.0
+54,Buenos Aires,-58.3817,34Â°36â€²12â€³S,-34.6033,58Â°22â€²54â€³W,.ar,South America,Argentina,Argentina,Argentina,ARS,Argentine peso,$,False,False,ğŸ‡¦ğŸ‡·,491492700657.012,10729.2326,23627.3943,42.9,0.602,0.845,AR,ARG,32,2736690.0,-35.581245,35Â°34â€²52.5â€³S,-64.285895,64Â°17â€²9.2â€³W,False,False,False,45808747.0,South America,2780400.0,43710.0
+374,Yerevan,44.5144,40Â°10â€²53â€³N,40.1814,44Â°30â€²52â€³E,.am,Asia,Armenia,Armenia,Armenien,AMD,Armenian dram,Ö,False,False,ğŸ‡¦ğŸ‡²,13861183873.5931,4670.0088,14630.2442,29.9,0.579,0.776,AM,ARM,51,28203.0,40.255271,40Â°15â€²19.0â€³N,44.96784,44Â°58â€²4.2â€³E,False,False,False,2968128.0,Western Asia,29743.0,1540.0
+297,Oranjestad,-70.0358,12Â°31â€²07â€³N,12.5186,70Â°02â€²09â€³W,.aw,North America,Aruba,Aruba,Aruba,AWG,Aruban florin,Æ’,False,False,ğŸ‡¦ğŸ‡¼,,,,,,,AW,ABW,533,180.0,12.52111,12Â°31â€²16.0â€³N,-69.968338,69Â°58â€²6.0â€³W,False,False,False,107195.0,Caribbean,180.0,0.0
+61,Canberra,149.1269,35Â°17â€²35â€³S,-35.2931,149Â°07â€²37â€³E,.au,Oceania,Australia,Australia,Australien,AUD,Australian dollar,$,False,False,ğŸ‡¦ğŸ‡º,1542659899992.54,59934.1294,55807.444,34.4,0.77,0.944,AU,AUS,36,7682300.0,-25.274398,25Â°16â€²27.8â€³S,133.775136,133Â°46â€²30.5â€³E,False,True,False,25739256.0,Australia and New Zealand,7741220.0,58920.0
+43,Vienna,16.3667,48Â°12â€²N,48.2,16Â°22â€²E,.at,Europe,Austria,Austria,Ã–sterrike,EUR,Euro,â‚¬,True,True,ğŸ‡¦ğŸ‡¹,477082467454.295,53267.9327,58427.4957,30.8,0.747,0.922,AT,AUT,40,82445.0,47.581819,47Â°34â€²54.5â€³N,14.157768,14Â°9â€²28.0â€³E,False,True,False,8956279.0,Western Europe,83871.0,1426.0
+994,Baku,49.8822,40Â°23â€²43â€³N,40.3953,49Â°52â€²56â€³E,.az,Asia,Azerbaijan,Azerbaijan,Azerbajdzjan,AZN,Azerbaijani manat,â‚¼,False,False,ğŸ‡¦ğŸ‡¿,54622176470.5882,5384.035,15842.8895,26.6,0.578,0.756,AZ,AZE,31,82629.0,40.484555,40Â°29â€²4.4â€³N,47.739592,47Â°44â€²22.5â€³E,False,False,False,10145212.0,Western Asia,86600.0,3971.0
+1 242,Nassau,-77.3333,25Â°4â€²N,25.0667,77Â°20â€²W,.bs,North America,Bahamas (the),Bahamas,Bahamas,BSD,Bahamian dollar,$,False,False,ğŸ‡§ğŸ‡¸,11208600000.0,28239.3667,34107.8498,,,0.814,BS,BHS,44,10010.0,25.03428,25Â°2â€²3.4â€³N,-77.39628,77Â°23â€²46.6â€³W,False,False,False,396914.0,Caribbean,13880.0,3870.0
+973,Manama,50.5775,26Â°13â€²30â€³N,26.225,50Â°34â€²39â€³E,.bh,Asia,Bahrain,Bahrain,Bahrain,BHD,Bahraini dinar,.Ø¯.Ø¨,False,False,ğŸ‡§ğŸ‡­,38868663031.9149,22232.3252,45411.1204,,0.652,0.852,BH,BHR,48,760.0,26.059835,26Â°3â€²35.4â€³N,50.550507,50Â°33â€²1.8â€³E,False,False,False,1748295.0,Western Asia,760.0,0.0
+880,Dhaka,90.3889,23Â°45â€²50â€³N,23.7639,90Â°23â€²20â€³E,.bd,Asia,Bangladesh,Bangladesh,Bangladesh,BDT,Bangladeshi taka,à§³,False,False,ğŸ‡§ğŸ‡©,416264942893.326,2503.0439,6613.0133,32.4,0.464,0.632,BD,BGD,50,130170.0,23.684994,23Â°41â€²6.0â€³N,90.356331,90Â°21â€²22.8â€³E,False,False,False,166303494.0,Southern Asia,148460.0,18290.0
+1 246,Bridgetown,-59.6167,13Â°05â€²51â€³N,13.0975,59Â°37â€²00â€³W,.bb,North America,Barbados,Barbados,Barbados,BBD,Barbadian dollar,$,False,False,ğŸ‡§ğŸ‡§,4900800000.0,17033.9372,14816.8629,,,0.814,BB,BRB,52,430.0,13.169054,13Â°10â€²8.6â€³N,-59.555174,59Â°33â€²18.6â€³W,False,False,False,287708.0,Caribbean,430.0,0.0
+375,Minsk,27.5667,53Â°54â€²N,53.9,27Â°34â€²E,.by,Europe,Belarus,Belarus,Belarus,BYN,Belarusian ruble,Br,False,False,ğŸ‡§ğŸ‡¾,68218816484.1226,7303.6963,21698.5741,25.3,0.7,0.823,BY,BLR,112,202900.0,53.709807,53Â°42â€²35.3â€³N,27.953389,27Â°57â€²12.2â€³E,False,False,False,9340314.0,Eastern Europe,207600.0,4700.0
+32,Brussels,4.3525,50Â°50â€²48â€³N,50.8467,04Â°21â€²09â€³E,.be,Europe,Belgium,Belgium,Belgien,EUR,Euro,â‚¬,True,True,ğŸ‡§ğŸ‡ª,599879025377.51,51767.7886,58930.9363,27.2,0.76,0.931,BE,BEL,56,30278.0,50.743715,50Â°44â€²37.4â€³N,4.544685,4Â°32â€²40.9â€³E,True,True,False,11587882.0,Western Europe,30528.0,250.0
+501,Belmopan,-88.7669,17Â°15â€²5â€³N,17.2514,88Â°46â€²1â€³W,.bz,North America,Belize,Belize,Belize,BZD,Belize dollar,$,False,False,ğŸ‡§ğŸ‡¿,1789923264.03,4420.4914,6921.4501,,,0.716,BZ,BLZ,84,22806.0,17.040101,17Â°2â€²24.4â€³N,-88.682464,88Â°40â€²56.9â€³W,False,False,False,404915.0,Central America,22966.0,160.0
+229,Porto-Novo,2.605,6Â°29â€²50â€³N,6.4972,2Â°36â€²18â€³E,.bj,Africa,Benin,Benin,Benin,XOF,West African CFA franc,Fr,False,False,ğŸ‡§ğŸ‡¯,17785640079.1191,1428.4472,3789.2733,47.8,0.4,0.545,BJ,BEN,204,110622.0,9.30769,9Â°18â€²27.7â€³N,2.315834,2Â°18â€²57.0â€³E,False,False,False,12451031.0,Western Africa,112622.0,2000.0
+1 441,Hamilton,-64.7819,32Â°17â€²35â€³N,32.2931,64Â°46â€²55â€³W,.bm,North America,Bermuda,Bermuda,Bermuda,BMD,Bermudian dollar,$,False,False,ğŸ‡§ğŸ‡²,7080900000.0,110869.4631,85192.3193,,,,BM,BMU,60,54.0,32.306898,32Â°18â€²24.8â€³N,-64.753478,64Â°45â€²12.5â€³W,False,False,False,63867.0,Northern America,54.0,0.0
+975,Thimphu,89.6361,27Â°28â€²20â€³N,27.4722,89Â°38â€²10â€³E,.bt,Asia,Bhutan,Bhutan,Bhutan,BTN,Bhutanese ngultrum,Nu.,False,False,ğŸ‡§ğŸ‡¹,,,,37.4,0.475,0.654,BT,BTN,64,38394.0,27.514162,27Â°30â€²51.0â€³N,90.433601,90Â°26â€²1.0â€³E,False,False,False,779900.0,Southern Asia,38394.0,0.0
+591,Sucre,-65.25,19Â°3â€²0â€³S,-19.05,65Â°15â€²0â€³W,.bo,South America,Bolivia (Plurinational State of),Bolivia,Bolivia,BOB,Bolivian boliviano,Bs.,False,False,ğŸ‡§ğŸ‡´,40408208523.8784,3414.8928,9030.3877,41.6,,0.718,BO,BOL,68,1083301.0,-16.564784,16Â°33â€²53.2â€³S,-64.25347,64Â°15â€²12.5â€³W,False,False,False,11832936.0,South America,1098581.0,15280.0
+599,,,,,,.bq,North America,"Bonaire, Sint Eustatius and Saba","Bonaire, Sint Eustatius and Saba","Bonaire, Sint Eustatius and Saba",USD,United States dollar,$,False,False,ğŸ‡§ğŸ‡¶,,,,,,,BQ,BES,535,,12.18626,12Â°11â€²10.5â€³N,-68.258323,68Â°15â€²30.0â€³W,False,False,False,,Caribbean,,
+387,Sarajevo,18.4167,43Â°52â€²N,43.8667,18Â°25â€²E,.ba,Europe,Bosnia and Herzegovina,Bosnia and Herzegovina,Bosnien och Hercegovina,BAM,Bosnia and Herzegovina convertible mark,KM,False,False,ğŸ‡§ğŸ‡¦,22571512867.2816,6916.4383,16846.4559,33.0,0.58,0.78,BA,BIH,70,51187.0,44.273078,44Â°16â€²23.1â€³N,17.89616,17Â°53â€²46.2â€³E,False,False,False,3263459.0,Southern Europe,51197.0,10.0
+267,Gaborone,25.9122,24Â°39â€²29â€³S,-24.6581,25Â°54â€²44â€³E,.bw,Africa,Botswana,Botswana,Botswana,BWP,Botswana pula,P,False,False,ğŸ‡§ğŸ‡¼,17613846472.9916,7347.5524,17603.7268,53.3,0.414,0.735,BW,BWA,72,566730.0,-22.328474,22Â°19â€²42.5â€³S,24.684866,24Â°41â€²5.5â€³E,False,False,False,2397240.0,Southern Africa,581730.0,15000.0
,,,,,,,,Bouvet Island,Bouvet Island,BouvetÃ¶n,,,,False,False,ğŸ‡§ğŸ‡»,,,,,,,BV,BVT,74,49.0,-54.421291,54Â°25â€²16.6â€³S,3.367051,3Â°22â€²1.4â€³E,False,False,False,,,49.0,0.0
+55,BrasÃ­lia,-47.8828,15Â°47â€²38â€³S,-15.7939,47Â°52â€²58â€³W,.br,South America,Brazil,Brazil,Brasilien,BRL,Brazilian real,R$,False,False,ğŸ‡§ğŸ‡·,1608981220812.2,7518.8343,16056.0162,53.4,0.551,0.765,BR,BRA,76,8358140.0,-10.031432,10Â°1â€²53.2â€³S,-50.645233,50Â°38â€²42.8â€³W,False,False,False,213993441.0,South America,8515770.0,157630.0
+246,,,,,,.io,,British Indian Ocean Territory (the),British Indian Ocean Territory,Brittiska territoriet i Indiska Oceanen,USD,United States dollar,$,False,False,ğŸ‡®ğŸ‡´,,,,,,,IO,IOT,86,60.0,-7.328629,7Â°19â€²43.1â€³S,72.444609,72Â°26â€²40.6â€³E,False,False,False,,,60.0,54340.0
+673,Bandar Seri Begawan,114.9422,4Â°53â€²25â€³N,4.8903,114Â°56â€²32â€³E,.bn,Asia,Brunei Darussalam,Brunei,Brunei,BND,Brunei dollar,$,False,False,ğŸ‡§ğŸ‡³,14006569575.68,31722.6601,66619.8709,,0.626,0.838,BN,BRN,96,5265.0,4.535277,4Â°32â€²7.0â€³N,114.727669,114Â°43â€²39.6â€³E,False,False,False,441532.0,South-Eastern Asia,5765.0,500.0
+359,Sofia,23.3333,42Â°42â€²N,42.7,23Â°20â€²E,.bg,Europe,Bulgaria,Bulgaria,Bulgarien,BGN,Bulgarian lev,Ğ»Ğ².,True,True,ğŸ‡§ğŸ‡¬,80271119426.1076,11634.971,26705.4389,41.3,0.614,0.816,BG,BGR,100,108489.0,42.733883,42Â°44â€²2.0â€³N,25.48583,25Â°29â€²9.0â€³E,True,False,False,6899125.0,Eastern Europe,110879.0,2390.0
+226,Ouagadougou,-1.5333,12Â°22â€²N,12.3667,1Â°32â€²W,.bf,Africa,Burkina Faso,Burkina Faso,Burkina Faso,XOF,West African CFA franc,Fr,False,False,ğŸ‡§ğŸ‡«,19737615114.3661,918.1526,2461.9428,35.3,0.384,0.452,BF,BFA,854,273800.0,12.238333,12Â°14â€²18.0â€³N,-1.561593,1Â°33â€²41.7â€³W,False,False,False,21497097.0,Western Africa,274200.0,400.0
+257,Gitega,29.9,3Â°26â€²S,-3.4333,29Â°54â€²E,.bi,Africa,Burundi,Burundi,Burundi,BIF,Burundian franc,Fr,False,False,ğŸ‡§ğŸ‡®,2902029385.82592,236.7954,793.2364,38.6,0.386,0.433,BI,BDI,108,25680.0,-3.373056,3Â°22â€²23.0â€³S,29.918886,29Â°55â€²8.0â€³E,False,False,False,12255429.0,Eastern Africa,27830.0,2150.0
+238,Praia,-23.5089,14Â°55â€²05â€³N,14.9181,23Â°30â€²32â€³W,.cv,Africa,Cabo Verde,Cabo Verde,Kap Verde,CVE,Cape Verdean escudo,$,False,False,ğŸ‡¨ğŸ‡»,1936174043.45293,3445.7565,7028.0468,42.4,,0.665,CV,CPV,132,4033.0,16.002082,16Â°0â€²7.5â€³N,-24.013197,24Â°0â€²47.5â€³W,False,False,False,561901.0,Western Africa,4033.0,0.0
+855,Phnom Penh,104.9211,11Â°34â€²10â€³N,11.5694,104Â°55â€²16â€³E,.kh,Asia,Cambodia,Cambodia,Kambodja,KHR,Cambodian riel,áŸ›,False,False,ğŸ‡°ğŸ‡­,26961061119.7957,1590.9567,4683.0047,,0.492,0.594,KH,KHM,116,176515.0,12.565679,12Â°33â€²56.4â€³N,104.990963,104Â°59â€²27.5â€³E,False,False,False,16946446.0,South-Eastern Asia,181035.0,4520.0
+237,YaoundÃ©,11.5167,3Â°52â€²N,3.8667,11Â°31â€²E,.cm,Africa,Cameroon,Cameroon,Kamerun,XAF,Central African CFA franc,Fr,False,False,ğŸ‡¨ğŸ‡²,45238613479.8308,1661.7021,4064.4669,46.6,0.397,0.563,CM,CMR,120,472710.0,5.336304,5Â°20â€²10.7â€³N,12.327046,12Â°19â€²37.4â€³E,False,False,False,27224262.0,Middle Africa,475440.0,2730.0
+1,Ottawa,-75.695,45Â°25â€²29â€³N,45.4247,75Â°41â€²42â€³W,.ca,North America,Canada,Canada,Kanada,CAD,Canadian dollar,$,False,False,ğŸ‡¨ğŸ‡¦,1990761609665.23,52051.3515,52085.0357,33.3,0.798,0.929,CA,CAN,124,9093507.0,56.130366,56Â°7â€²49.3â€³N,-106.346771,106Â°20â€²48.4â€³W,True,True,False,38246108.0,Northern America,9984670.0,891163.0
+1 345,George Town,-81.3864,19Â°18â€²12â€³N,19.3033,81Â°23â€²11â€³W,.ky,North America,Cayman Islands (the),Cayman Islands,CaymanÃ¶arna,KYD,Cayman Islands dollar,$,False,False,ğŸ‡°ğŸ‡¾,,,,,,,KY,CYM,136,264.0,19.319566,19Â°19â€²10.4â€³N,-81.232474,81Â°13â€²56.9â€³W,False,False,False,66498.0,Caribbean,264.0,0.0
+236,Bangui,18.5628,04Â°22â€²24â€³N,4.3733,18Â°33â€²46â€³E,.cf,Africa,Central African Republic (the),Central African Republic,Centralafrikanska republiken,XAF,Central African CFA franc,Fr,False,False,ğŸ‡¨ğŸ‡«,2516498299.01212,511.4847,1020.5332,56.2,0.292,0.397,CF,CAF,140,622984.0,6.611111,6Â°36â€²40.0â€³N,20.939444,20Â°56â€²22.0â€³E,False,False,False,4919987.0,Middle Africa,622984.0,0.0
+235,N'Djamena,15.05,12Â°06â€²36â€³N,12.11,15Â°03â€²00â€³E,.td,Africa,Chad,Chad,Tchad,XAF,Central African CFA franc,Fr,False,False,ğŸ‡¹ğŸ‡©,11779980801.7843,696.4228,1590.553,43.3,0.3,0.398,TD,TCD,148,1259200.0,15.454166,15Â°27â€²15.0â€³N,18.732207,18Â°43â€²55.9â€³E,False,False,False,16914985.0,Middle Africa,1284000.0,24800.0
+56,Santiago,-70.6667,33Â°27â€²S,-33.45,70Â°40â€²W,.cl,South America,Chile,Chile,Chile,CLP,Chilean peso,$,False,False,ğŸ‡¨ğŸ‡±,317058508651.76,16502.8386,29104.0581,44.4,0.652,0.851,CL,CHL,152,743812.0,-35.675147,35Â°40â€²30.5â€³S,-71.542969,71Â°32â€²34.7â€³W,False,True,False,19212362.0,South America,756102.0,12290.0
+86,Beijing,116.3975,39Â°54â€²24â€³N,39.9067,116Â°23â€²51â€³E,.cn,Asia,China,China,Kina,CNY,Renminbi,Â¥ or å…ƒ,False,False,ğŸ‡¨ğŸ‡³,17734062645371.4,12556.3331,19338.2341,38.5,0.653,0.761,CN,CHN,156,9326410.0,35.86166,35Â°51â€²42.0â€³N,104.195397,104Â°11â€²43.4â€³E,False,False,False,1412360000.0,Eastern Asia,9596960.0,270550.0
+61,Flying Fish Cove,,not found,,not found,.cx,,Christmas Island,Christmas Island,JulÃ¶n,AUD,Australian dollar,$,False,False,ğŸ‡¨ğŸ‡½,,,,,,,CX,CXR,162,135.0,-10.447525,10Â°26â€²51.1â€³S,105.690449,105Â°41â€²25.6â€³E,False,False,False,,,135.0,0.0
+61,West Island,96.8283,12Â°11â€²13â€³S,-12.1869,96Â°49â€²42â€³E,.cc,,Cocos (Keeling) Islands (the),Cocos (Keeling) Islands,KokosÃ¶arna,AUD,Australian dollar,$,False,False,ğŸ‡¨ğŸ‡¨,,,,,,,CC,CCK,166,14.0,-12.164165,12Â°9â€²51.0â€³S,96.870956,96Â°52â€²15.4â€³E,False,False,False,,,14.0,0.0
+57,BogotÃ¡,-74.0722,4Â°42â€²40â€³N,4.7111,74Â°4â€²20â€³W,.co,South America,Colombia,Colombia,Colombia,COP,Colombian peso,$,False,False,ğŸ‡¨ğŸ‡´,314322453228.295,6131.2259,16893.8172,51.3,0.604,0.767,CO,COL,170,1038700.0,3.571191,3Â°34â€²16.3â€³N,-72.856744,72Â°51â€²24.3â€³W,False,True,False,51265841.0,South America,1138910.0,100210.0
+269,Moroni,43.2561,11Â°41â€²56â€³S,-11.6989,43Â°15â€²22â€³E,.km,Africa,Comoros (the),Comoros,Komorerna,KMF,Comorian franc,Fr,False,False,ğŸ‡°ğŸ‡²,1327964249.32649,1494.6877,3284.4015,45.3,0.405,0.554,KM,COM,174,2235.0,-11.875001,11Â°52â€²30.0â€³S,43.872219,43Â°52â€²20.0â€³E,False,False,False,888456.0,Eastern Africa,2235.0,0.0
+243,Kinshasa,15.3222,4Â°19â€²30â€³S,-4.325,15Â°19â€²20â€³E,.cd,Africa,Congo (the Democratic Republic of the),Democratic Republic of the Congo,Kongo-Kinshasa,CDF,Congolese franc,Fr,False,False,ğŸ‡¨ğŸ‡©,53958573693.0513,584.1064,1218.7681,42.1,0.366,0.48,CD,COD,180,2267048.0,-2.764356,2Â°45â€²51.7â€³S,23.711724,23Â°42â€²42.2â€³E,False,False,False,92377986.0,Middle Africa,2344858.0,77810.0
+242,Brazzaville,15.2919,4Â°16â€²4â€³S,-4.2678,15Â°17â€²31â€³E,.cg,Africa,Congo (the),Congo,Kongo-Brazzaville,XAF,Central African CFA franc,Fr,False,False,ğŸ‡¨ğŸ‡¬,12523961677.2966,2213.8809,3616.8645,48.9,0.419,0.574,CG,COG,178,341500.0,-0.961883,0Â°57â€²42.8â€³S,15.746202,15Â°44â€²46.3â€³E,False,False,True,5657017.0,Middle Africa,342000.0,500.0
+682,Avarua,-159.7708,21Â°12â€²25â€³S,-21.2069,159Â°46â€²15â€³W,.ck,Oceania,Cook Islands (the),Cook Islands,CookÃ¶arna,CKD,Cook Islands dollar,$,False,False,ğŸ‡¨ğŸ‡°,,,,,,,CK,COK,184,236.0,-21.236736,21Â°14â€²12.2â€³S,-159.777671,159Â°46â€²39.6â€³W,False,False,False,,Polynesia,236.0,0.0
+506,San JosÃ©,-84.0833,9Â°56â€²N,9.9333,84Â°5â€²W,.cr,North America,Costa Rica,Costa Rica,Costa Rica,CRC,Costa Rican colÃ³n,â‚¡,False,False,ğŸ‡¨ğŸ‡·,64282438666.739,12508.6156,23387.1322,48.2,0.629,0.81,CR,CRI,188,51060.0,9.748917,9Â°44â€²56.1â€³N,-83.753428,83Â°45â€²12.3â€³W,False,False,False,5139053.0,Central America,51100.0,40.0
+385,Zagreb,15.9833,45Â°49â€²N,45.8167,15Â°59â€²E,.hr,Europe,Croatia,Croatia,Kroatien,HRK,Croatian kuna,kn,True,True,ğŸ‡­ğŸ‡·,67837788543.5852,17398.766,33800.5515,29.7,0.71,0.851,HR,HRV,191,55974.0,45.1,45Â°6â€²0.0â€³N,15.2,15Â°11â€²60.0â€³E,True,False,False,3899000.0,Southern Europe,56594.0,620.0
+53,Havana,-82.3589,23Â°08â€²12â€³N,23.1367,82Â°21â€²32â€³W,.cu,North America,Cuba,Cuba,Kuba,CUP,Cuban peso,$,False,False,ğŸ‡¨ğŸ‡º,,,,,,0.783,CU,CUB,192,109820.0,21.937697,21Â°56â€²15.7â€³N,-78.631976,78Â°37â€²55.1â€³W,False,False,False,11317498.0,Caribbean,110860.0,1040.0
+599,Willemstad,-68.9333,12Â°7â€²N,12.1167,68Â°56â€²W,.cw,North America,CuraÃ§ao,CuraÃ§ao,CuraÃ§ao,ANG,Netherlands Antillean guilder,Æ’,False,False,ğŸ‡¨ğŸ‡¼,,,,,,,CW,CUW,531,444.0,12.175014,12Â°10â€²30.1â€³N,-68.979014,68Â°58â€²44.5â€³W,False,False,False,152369.0,Caribbean,444.0,0.0
+357,Nicosia,33.365,35Â°10â€²21â€³N,35.1725,33Â°21â€²54â€³E,.cy,Asia,Cyprus,Cyprus,Cypern,EUR,Euro,â‚¬,True,True,ğŸ‡¨ğŸ‡¾,27719337670.0177,30798.4766,42556.1094,32.7,0.756,0.887,CY,CYP,196,9241.0,35.126413,35Â°7â€²35.1â€³N,33.429859,33Â°25â€²47.5â€³E,False,False,False,1215588.0,Western Asia,9251.0,10.0
+420,Prague,14.4167,50Â°5â€²N,50.0833,14Â°25â€²E,.cz,Europe,Czechia,Czechia,Tjeckien,CZK,Czech koruna,KÄ,True,True,ğŸ‡¨ğŸ‡¿,282340849856.614,26378.5,44260.8565,25.0,0.752,0.9,CZ,CZE,203,77247.0,49.817492,49Â°49â€²3.0â€³N,15.472962,15Â°28â€²22.7â€³E,True,True,False,10703446.0,Eastern Europe,78867.0,1620.0
+225,Yamoussoukro,-5.2742,06Â°48â€²58â€³N,6.8161,05Â°16â€²27â€³W,.ci,Africa,CÃ´te d'Ivoire,CÃ´te d'Ivoire,Elfenbenskusten,XOF,West African CFA franc,Fr,False,False,ğŸ‡¨ğŸ‡®,69764827467.4423,2578.7604,5939.7641,41.5,0.38,0.538,CI,CIV,384,318003.0,7.539989,7Â°32â€²24.0â€³N,-5.54708,5Â°32â€²49.5â€³W,False,False,False,27053629.0,Western Africa,322463.0,4460.0
+45,Copenhagen,12.5683,55Â°40â€²34â€³N,55.6761,12Â°34â€²06â€³E,.dk,Europe,Denmark,Denmark,Danmark,DKK,Danish krone,kr,True,True,ğŸ‡©ğŸ‡°,397104343478.301,67803.0471,64651.2164,28.2,0.755,0.94,DK,DNK,208,42434.0,55.726275,55Â°43â€²34.6â€³N,9.895666,9Â°53â€²44.4â€³E,True,True,False,5856733.0,Northern Europe,43094.0,660.0
+253,Djibouti,43.145,11Â°35â€²18â€³N,11.5883,43Â°08â€²42â€³E,.dj,Africa,Djibouti,Djibouti,Djibouti,DJF,Djiboutian franc,Fr,False,False,ğŸ‡©ğŸ‡¯,3371102123.51343,3363.712,5925.7953,41.6,,0.524,DJ,DJI,262,23180.0,11.825138,11Â°49â€²30.5â€³N,42.590275,42Â°35â€²25.0â€³E,False,False,False,1002197.0,Eastern Africa,23200.0,20.0
+1 767,Roseau,-61.3883,15Â°18â€²05â€³N,15.3014,61Â°23â€²18â€³W,.dm,North America,Dominica,Dominica,Dominica,XCD,Eastern Caribbean dollar,$,False,False,ğŸ‡©ğŸ‡²,545618518.518518,7559.975,11973.8679,,0.545,0.742,DM,DMA,212,751.0,15.437664,15Â°26â€²15.6â€³N,-61.33912,61Â°20â€²20.8â€³W,False,False,False,72172.0,Caribbean,751.0,
"+1 809, +1 829, +1 849",Santo Domingo,-69.95,18Â°28â€²N,18.4667,69Â°57â€²W,.do,North America,Dominican Republic (the),Dominican Republic,Dominikanska republiken,DOP,Dominican peso,RD$,False,False,ğŸ‡©ğŸ‡´,94243453937.4462,8603.7899,20769.1808,41.9,0.503,0.756,DO,DOM,214,48320.0,18.735693,18Â°44â€²8.5â€³N,-70.162651,70Â°9â€²45.5â€³W,False,False,False,10953714.0,Caribbean,48670.0,350.0
+593,Quito,-78.5167,00Â°14â€²S,-0.2333,78Â°31â€²W,.ec,South America,Ecuador,Ecuador,Ecuador,USD,United States dollar,$,False,False,ğŸ‡ªğŸ‡¨,106165866000.0,5934.8755,11661.1932,45.7,0.594,0.759,EC,ECU,218,276841.0,-1.350535,1Â°21â€²1.9â€³S,-78.467856,78Â°28â€²4.3â€³W,False,False,False,17888474.0,South America,283561.0,6720.0
+20,Cairo,31.2333,30Â°2â€²N,30.0333,31Â°14â€²E,.eg,Africa,Egypt,Egypt,Egypten,EGP,Egyptian pound,EÂ£ or Ø¬.Ù…,False,False,ğŸ‡ªğŸ‡¬,404142766093.053,3876.3596,13316.245,31.5,0.494,0.707,EG,EGY,818,995450.0,26.448888,26Â°26â€²56.0â€³N,29.671689,29Â°40â€²18.1â€³E,False,False,False,104258327.0,Northern Africa,1001450.0,6000.0
+503,San Salvador,-89.1914,13Â°41â€²56â€³N,13.6989,89Â°11â€²29â€³W,.sv,North America,El Salvador,El Salvador,El Salvador,USD,United States dollar,$,False,False,ğŸ‡¸ğŸ‡»,28736940000.0,4408.5204,9668.7273,38.8,0.546,0.673,SV,SLV,222,20721.0,13.794185,13Â°47â€²39.1â€³N,-88.89653,88Â°53â€²47.5â€³W,False,False,False,6518500.0,Central America,21041.0,320.0
+240,Malabo,8.7737,3Â°45â€²7.43â€³N,3.7521,8Â°46â€²25.32â€³E,.gq,Africa,Equatorial Guinea,Equatorial Guinea,Ekvatorialguinea,XAF,Central African CFA franc,Fr,False,False,ğŸ‡¬ğŸ‡¶,12269392788.7402,8462.2863,18127.1865,,,0.592,GQ,GNQ,226,28051.0,1.604619,1Â°36â€²16.6â€³N,10.455341,10Â°27â€²19.2â€³E,False,False,True,1449891.0,Middle Africa,28051.0,0.0
+291,Asmara,38.925,15Â°19â€²22â€³N,15.3228,38Â°55â€²30â€³E,.er,Africa,Eritrea,Eritrea,Eritrea,ERN,Eritrean nakfa,Nfk,False,False,ğŸ‡ªğŸ‡·,,,,,,0.459,ER,ERI,232,101000.0,15.179384,15Â°10â€²45.8â€³N,39.782334,39Â°46â€²56.4â€³E,False,False,False,,Eastern Africa,117600.0,16600.0
+372,Tallinn,24.7453,59Â°26â€²14â€³N,59.4372,24Â°44â€²43â€³E,.ee,Europe,Estonia,Estonia,Estland,EUR,Euro,â‚¬,True,True,ğŸ‡ªğŸ‡ª,36262924353.6041,27280.6584,42191.5144,30.3,0.777,0.892,EE,EST,233,42388.0,58.703289,58Â°42â€²11.8â€³N,25.824336,25Â°49â€²27.6â€³E,True,True,False,1329254.0,Northern Europe,45228.0,2840.0
+268,"Lobamba, Mbabane",31.1667,26Â°25â€²0â€³S,-26.4167,31Â°10â€²0â€³E,.sz,Africa,Eswatini,Eswatini,Swaziland,SZL,Swazi lilangeni,L,False,False,ğŸ‡¸ğŸ‡¿,4941373182.08261,4214.8617,9815.8123,54.6,0.373,0.611,SZ,SWZ,748,17204.0,-26.522503,26Â°31â€²21.0â€³S,31.465866,31Â°27â€²57.1â€³E,False,False,False,1172369.0,Southern Africa,17364.0,160.0
+251,Addis Ababa,38.74,9Â°1â€²48â€³N,9.03,38Â°44â€²24â€³E,.et,Africa,Ethiopia,Ethiopia,Etiopien,ETB,Ethiopian birr,Br,False,False,ğŸ‡ªğŸ‡¹,111271112329.975,943.9657,2599.7362,35.0,0.383,0.485,ET,ETH,231,1096570.0,8.784563,8Â°47â€²4.4â€³N,39.573711,39Â°34â€²25.4â€³E,False,False,False,117876226.0,Eastern Africa,1104300.0,7730.0
+500,Stanley,-57.8528,51Â°41â€²40â€³S,-51.6944,57Â°51â€²10â€³W,.fk,South America,Falkland Islands (the) [Malvinas],Falkland Islands,FalklandsÃ¶arna,FKP,Falkland Islands pound,Â£,False,False,ğŸ‡«ğŸ‡°,,,,,,,FK,FLK,238,12173.0,-51.796253,51Â°47â€²46.5â€³S,-59.523613,59Â°31â€²25.0â€³W,False,False,False,,South America,12173.0,0.0
+298,TÃ³rshavn,-6.7675,62Â°0â€²42â€³N,62.0117,6Â°46â€²3â€³W,.fo,Europe,Faroe Islands (the),Faroe Islands ,FÃ¤rÃ¶arna,FOK,Faroese krÃ³na,kr,False,False,ğŸ‡«ğŸ‡´,,,,,,,FO,FRO,234,1393.0,62.042103,62Â°2â€²31.6â€³N,-6.893899,6Â°53â€²38.0â€³W,False,False,False,49053.0,Northern Europe,1393.0,0.0
+679,Suva,178.4419,18Â°08â€²30â€³S,-18.1417,178Â°26â€²31â€³E,.fj,Oceania,Fiji,Fiji,Fiji,FJD,Fijian dollar,$,False,False,ğŸ‡«ğŸ‡¯,4592118709.55279,5085.9716,12059.775,36.7,0.509,0.743,FJ,FJI,242,18274.0,-16.578193,16Â°34â€²41.5â€³S,179.414413,179Â°24â€²51.9â€³E,False,False,False,902899.0,Melanesia,18274.0,0.0
+358,Helsinki,24.9375,60Â°10â€²15â€³N,60.1708,24Â°56â€²15â€³E,.fi,Europe,Finland,Finland,Finland,EUR,Euro,â‚¬,True,True,ğŸ‡«ğŸ‡®,299155237589.142,53982.6143,55006.6453,27.3,0.796,0.938,FI,FIN,246,303815.0,62.840988,62Â°50â€²27.6â€³N,26.284863,26Â°17â€²5.5â€³E,False,True,False,5541696.0,Northern Europe,338145.0,34330.0
+33,Paris,2.3522,48Â°51â€²24â€³N,48.8567,2Â°21â€²08â€³E,.fr,Europe,France,France,Frankrike,EUR,Euro,â‚¬,True,True,ğŸ‡«ğŸ‡·,2937472757953.44,43518.5385,50728.6674,32.4,0.763,0.901,FR,FRA,250,640427.0,46.719774,46Â°43â€²11.2â€³N,2.736604,2Â°44â€²11.8â€³E,True,True,False,67499343.0,Western Europe,643801.0,3374.0
+594,,,,,,.gf,South America,French Guiana,French Guiana,Franska Guyana,EUR,Euro,â‚¬,False,False,ğŸ‡¬ğŸ‡«,,,,,,,GF,GUF,254,,3.933889,3Â°56â€²2.0â€³N,-53.125782,53Â°7â€²32.8â€³W,False,False,False,,South America,,
+689,Papeete,-149.5697,17Â°32â€²06â€³S,-17.535,149Â°34â€²11â€³W,.pf,Oceania,French Polynesia,French Polynesia,Franska Polynesien,XPF,CFP franc,â‚£,False,False,ğŸ‡µğŸ‡«,,,,,,,PF,PYF,258,3827.0,-17.679742,17Â°40â€²47.1â€³S,-149.406843,149Â°24â€²24.6â€³W,False,False,False,282534.0,Polynesia,4167.0,340.0
,,,,,,.tf,,French Southern Territories (the),French Southern Territories,Franska sÃ¶dra territorierna,EUR,Euro,â‚¬,False,False,ğŸ‡¹ğŸ‡«,,,,,,,TF,ATF,260,,-49.280366,49Â°16â€²49.3â€³S,69.348557,69Â°20â€²54.8â€³E,False,False,False,,,,
+241,Libreville,9.4542,0Â°23â€²25â€³N,0.3903,9Â°27â€²15â€³E,.ga,Africa,Gabon,Gabon,Gabon,XAF,Central African CFA franc,Fr,False,False,ğŸ‡¬ğŸ‡¦,18269350433.7992,8016.9905,15597.5211,38.0,0.458,0.703,GA,GAB,266,257667.0,-0.803689,0Â°48â€²13.3â€³S,11.609444,11Â°36â€²34.0â€³E,False,False,True,2278829.0,Middle Africa,267667.0,10000.0
+220,Banjul,-16.5775,13Â°27â€²11â€³N,13.4531,16Â°34â€²39â€³W,.gm,Africa,Gambia (the),Gambia,Gambia,GMD,Gambian dalasi,D,False,False,ğŸ‡¬ğŸ‡²,2078070683.54686,835.5944,2433.8984,35.9,0.422,0.496,GM,GMB,270,10120.0,13.516506,13Â°30â€²59.4â€³N,-15.404133,15Â°24â€²14.9â€³W,False,False,False,2486937.0,Western Africa,11300.0,1180.0
+995,Tbilisi,44.7925,41Â°43â€²21â€³N,41.7225,44Â°47â€²33â€³E,.ge,Asia,Georgia,Georgia,Georgien,GEL,Georgian lari,â‚¾,False,False,ğŸ‡¬ğŸ‡ª,18700241392.1575,5042.3855,16997.1489,35.9,0.569,0.812,GE,GEO,268,69700.0,42.116276,42Â°6â€²58.6â€³N,43.689504,43Â°41â€²22.2â€³E,False,False,False,3708610.0,Western Asia,69700.0,0.0
+49,Berlin,13.405,52Â°31â€²12â€³N,52.52,13Â°24â€²18â€³E,.de,Europe,Germany,Germany,Tyskland,EUR,Euro,â‚¬,True,True,ğŸ‡©ğŸ‡ª,4223116205968.92,50801.7867,57927.5901,31.9,0.751,0.947,DE,DEU,276,348672.0,51.165691,51Â°9â€²56.5â€³N,10.451526,10Â°27â€²5.5â€³E,True,True,False,83129285.0,Western Europe,357022.0,8350.0
+233,Accra,-0.2,5Â°33â€²N,5.55,0Â°12â€²W,.gh,Africa,Ghana,Ghana,Ghana,GHS,Ghanaian cedi,â‚µ,False,False,ğŸ‡¬ğŸ‡­,77594279054.8795,2445.2907,6178.2851,43.5,0.45,0.611,GH,GHA,288,227533.0,7.946527,7Â°56â€²47.5â€³N,-1.023194,1Â°1â€²23.5â€³W,False,False,False,31732128.0,Western Africa,238533.0,11000.0
+350,Gibraltar,-5.35,36Â°8â€²N,36.1333,5Â°21â€²W,.gi,Europe,Gibraltar,Gibraltar,Gibraltar,GIP,Gibraltar pound,Â£,False,False,ğŸ‡¬ğŸ‡®,,,,,,,GI,GIB,292,6.5,36.134934,36Â°8â€²5.8â€³N,-5.348643,5Â°20â€²55.1â€³W,False,False,False,33691.0,Southern Europe,6.5,0.0
+30,Athens,23.7281,37Â°59â€²03â€³N,37.9842,23Â°43â€²41â€³E,.gr,Europe,Greece,Greece,Grekland,EUR,Euro,â‚¬,True,True,ğŸ‡¬ğŸ‡·,216240589485.256,20276.5447,31295.1453,32.9,0.69,0.888,GR,GRC,300,130647.0,39.074208,39Â°4â€²27.1â€³N,21.824312,21Â°49â€²27.5â€³E,True,True,False,10664568.0,Southern Europe,131957.0,1310.0
+299,Nuuk,-51.6942,64Â°10â€²53â€³N,64.1814,51Â°41â€²39â€³W,.gl,North America,Greenland,Greenland,GrÃ¶nland,DKK,Danish krone,kr,False,False,ğŸ‡¬ğŸ‡±,,,,,,,GL,GRL,304,2166086.0,64.629624,64Â°37â€²46.6â€³N,-45.695839,45Â°41â€²45.0â€³W,False,False,False,56653.0,Northern America,2166086.0,
+1 473,St. George's,-61.75,12Â°3â€²N,12.05,61Â°45â€²W,.gd,North America,Grenada,Grenada,Grenada,XCD,Eastern Caribbean dollar,$,False,False,ğŸ‡¬ğŸ‡©,1122083185.18519,9928.6217,16680.4151,,0.565,0.779,GD,GRD,308,344.0,12.120106,12Â°7â€²12.4â€³N,-61.677444,61Â°40â€²38.8â€³W,False,False,False,113015.0,Caribbean,344.0,0.0
+590,,,,,,.gp,North America,Guadeloupe,Guadeloupe,Guadeloupe,EUR,Euro,â‚¬,False,False,ğŸ‡¬ğŸ‡µ,,,,,,,GP,GLP,312,,16.254246,16Â°15â€²15.3â€³N,-61.568592,61Â°34â€²6.9â€³W,False,False,False,,Caribbean,,
+1 671,HagÃ¥tÃ±a,144.75,13Â°28â€²45â€³N,13.4792,144Â°45â€²00â€³E,.gu,Oceania,Guam,Guam,Guam,USD,United States dollar,$,False,False,ğŸ‡¬ğŸ‡º,,,,,,,GU,GUM,316,544.0,13.444304,13Â°26â€²39.5â€³N,144.793731,144Â°47â€²37.4â€³E,False,False,False,170184.0,Micronesia,544.0,0.0
+502,Guatemala City,-90.5353,14Â°36â€²48â€³N,14.6133,90Â°32â€²7â€³W,.gt,North America,Guatemala,Guatemala,Guatemala,GTQ,Guatemalan quetzal,Q,False,False,ğŸ‡¬ğŸ‡¹,85986321551.2388,5025.5756,9769.2382,48.3,0.461,0.663,GT,GTM,320,107159.0,15.628067,15Â°37â€²41.0â€³N,-90.433576,90Â°26â€²0.9â€³W,False,False,False,17109746.0,Central America,108889.0,1730.0
+44 1481,St. Peter Port,-2.5367,49Â°27â€²20â€³N,49.4556,2Â°32â€²12â€³W,.gg,Europe,Guernsey,Guernsey,Guernsey,GGP,Guernsey pound,Â£,False,False,ğŸ‡¬ğŸ‡¬,,,,,,,GG,GGY,831,78.0,49.455257,49Â°27â€²18.9â€³N,-2.576448,2Â°34â€²35.2â€³W,False,False,False,,Northern Europe,78.0,0.0
+224,Conakry,-13.7,9Â°31â€²N,9.5167,13Â°42â€²W,.gn,Africa,Guinea,Guinea,Guinea,GNF,Guinean franc,Fr,False,False,ğŸ‡¬ğŸ‡³,15850520383.9941,1174.353,2878.5931,33.7,0.371,0.477,GN,GIN,324,245717.0,10.73705,10Â°44â€²13.4â€³N,-10.67156,10Â°40â€²17.6â€³W,False,False,False,13497237.0,Western Africa,245857.0,140.0
+245,Bissau,-15.5667,11Â°51â€²N,11.85,15Â°34â€²W,.gw,Africa,Guinea-Bissau,Guinea-Bissau,Guinea-Bissau,XOF,West African CFA franc,Fr,False,False,ğŸ‡¬ğŸ‡¼,1638517533.16504,812.9624,2057.1,50.7,,0.48,GW,GNB,624,28120.0,11.803749,11Â°48â€²13.5â€³N,-15.180413,15Â°10â€²49.5â€³W,False,False,False,2015490.0,Western Africa,36125.0,8005.0
+592,Georgetown,-58.1553,6Â°48â€²4â€³N,6.8011,58Â°9â€²19â€³W,.gy,South America,Guyana,Guyana,Guyana,GYD,Guyanese dollar,$,False,False,ğŸ‡¬ğŸ‡¾,7409179920.86331,9374.8046,24493.7141,,0.495,0.682,GY,GUY,328,196849.0,4.860416,4Â°51â€²37.5â€³N,-58.93018,58Â°55â€²48.6â€³W,False,False,False,790329.0,South America,214969.0,18120.0
+509,Port-au-Prince,-72.3333,18Â°32â€²N,18.5333,72Â°20â€²W,.ht,North America,Haiti,Haiti,Haiti,HTG,Haitian gourde,G,False,False,ğŸ‡­ğŸ‡¹,20944392615.0803,1814.674,3127.4156,41.1,0.447,0.51,HT,HTI,332,27560.0,19.058396,19Â°3â€²30.2â€³N,-72.443958,72Â°26â€²38.2â€³W,False,False,False,11541683.0,Caribbean,27750.0,190.0
+672,,,,,,.hm,,Heard Island and McDonald Islands,Heard Island and McDonald Islands,Heard- och McDonaldÃ¶arna,,,,False,False,ğŸ‡­ğŸ‡²,,,,,,,HM,HMD,334,412.0,-53.08181,53Â°4â€²54.5â€³S,73.504158,73Â°30â€²15.0â€³E,False,False,False,,,412.0,0.0
+379,Vatican City,12.4525,41Â°54â€²09â€³N,41.9025,12Â°27â€²09â€³E,.va,Europe,Holy See (the),Holy See,Vatikanstaten,EUR,Euro,â‚¬,False,False,ğŸ‡»ğŸ‡¦,,,,,,,VA,VAT,336,0.44,41.902916,41Â°54â€²10.5â€³N,12.453389,12Â°27â€²12.2â€³E,False,False,False,,Southern Europe,0.44,0.0
+504,Tegucigalpa,-87.2167,14Â°6â€²N,14.1,87Â°13â€²W,.hn,North America,Honduras,Honduras,Honduras,HNL,Honduran lempira,L,False,False,ğŸ‡­ğŸ‡³,28488668301.6401,2831.033,6252.5691,48.2,0.481,0.634,HN,HND,340,111890.0,14.833734,14Â°50â€²1.4â€³N,-86.998054,86Â°59â€²53.0â€³W,False,False,False,10062994.0,Central America,112090.0,200.0
+852,,,,,,.hk,Asia,Hong Kong,Hong Kong,Hongkong,HKD,Hong Kong dollar,$,False,False,ğŸ‡­ğŸ‡°,368139247671.487,49660.6342,65972.5583,,0.813,0.949,HK,HKG,344,1073.0,22.396428,22Â°23â€²47.1â€³N,114.109497,114Â°6â€²34.2â€³E,False,False,False,7413100.0,Eastern Asia,1108.0,35.0
+36,Budapest,19.0514,47Â°29â€²33â€³N,47.4925,19Â°03â€²05â€³E,.hu,Europe,Hungary,Hungary,Ungern,HUF,Hungarian forint,Ft,True,True,ğŸ‡­ğŸ‡º,182280517581.212,18772.6733,36752.5154,29.6,0.683,0.854,HU,HUN,348,89608.0,47.162494,47Â°9â€²45.0â€³N,19.503304,19Â°30â€²11.9â€³E,True,True,False,9709886.0,Eastern Europe,93028.0,3420.0
+354,ReykjavÃ­k,-21.935,64Â°08â€²51â€³N,64.1475,21Â°56â€²06â€³W,.is,Europe,Iceland,Iceland,Island,ISK,Icelandic krÃ³na,kr,False,True,ğŸ‡®ğŸ‡¸,25458933915.8742,68383.7653,57646.4099,26.1,0.745,0.949,IS,ISL,352,100250.0,64.880678,64Â°52â€²50.4â€³N,-18.409548,18Â°24â€²34.4â€³W,True,True,False,372295.0,Northern Europe,103000.0,2750.0
+91,New Delhi,77.2089,28Â°36â€²50â€³N,28.6139,77Â°12â€²32â€³E,.in,Asia,India,India,Indien,INR,Indian rupee,â‚¹,False,False,ğŸ‡®ğŸ‡³,3173397590816.91,2277.4343,7333.5056,35.7,0.494,0.645,IN,IND,356,2973193.0,20.593684,20Â°35â€²37.3â€³N,78.96288,78Â°57â€²46.4â€³E,False,False,False,1393409033.0,Southern Asia,3287263.0,314070.0
+62,Jakarta,106.8167,6Â°12â€²S,-6.2,106Â°49â€²E,.id,Asia,Indonesia,Indonesia,Indonesien,IDR,Indonesian rupiah,Rp,False,False,ğŸ‡®ğŸ‡©,1186092991320.04,4291.8126,12904.3351,38.2,0.54,0.718,ID,IDN,360,1811569.0,-0.789275,0Â°47â€²21.4â€³S,113.921327,113Â°55â€²16.8â€³E,False,False,False,276361788.0,South-Eastern Asia,1904569.0,93000.0
+98,Tehran,51.3889,35Â°41â€²21â€³N,35.6892,51Â°23â€²20â€³E,.ir,Asia,Iran (Islamic Republic of),Iran,Iran,IRR,Iranian rial,ï·¼,False,False,ğŸ‡®ğŸ‡·,,,,42.0,0.593,0.783,IR,IRN,364,1531595.0,32.427908,32Â°25â€²40.5â€³N,53.688046,53Â°41â€²17.0â€³E,False,False,True,85028760.0,Southern Asia,1648195.0,116600.0
+964,Baghdad,44.3833,33Â°20â€²N,33.3333,44Â°23â€²E,.iq,Asia,Iraq,Iraq,Irak,IQD,Iraqi dinar,Ø¹.Ø¯,False,False,ğŸ‡®ğŸ‡¶,207889333724.138,5048.3878,10408.9439,29.5,0.408,0.674,IQ,IRQ,368,437367.0,33.223191,33Â°13â€²23.5â€³N,43.679291,43Â°40â€²45.4â€³E,False,False,True,41179351.0,Western Asia,438317.0,950.0
+353,Dublin,-6.2603,53Â°20â€²59â€³N,53.3497,06Â°15â€²37â€³W,.ie,Europe,Ireland,Ireland,Irland,EUR,Euro,â‚¬,True,True,ğŸ‡®ğŸ‡ª,498559576714.721,99152.1026,106455.753,31.4,0.793,0.955,IE,IRL,372,68883.0,53.207236,53Â°12â€²26.0â€³N,-7.778069,7Â°46â€²41.0â€³W,False,True,False,5028230.0,Northern Europe,70273.0,1390.0
+44 1624,Douglas,-4.4819,54Â°08â€²42â€³N,54.145,4Â°28â€²55â€³W,.im,Europe,Isle of Man,Isle of Man,Isle of Man,IMP,Manx pound,Â£,False,False,ğŸ‡®ğŸ‡²,,,,,,,IM,IMN,833,572.0,54.220637,54Â°13â€²14.3â€³N,-4.523086,4Â°31â€²23.1â€³W,False,False,False,85410.0,Northern Europe,572.0,0.0
+972,Jerusalem,35.2167,31Â°47â€²N,31.7833,35Â°13â€²E,.il,Asia,Israel,Israel,Israel,ILS,Israeli new shekel,â‚ª,False,False,ğŸ‡®ğŸ‡±,481591266133.409,51430.0797,43721.623,39.0,0.734,0.919,IL,ISR,376,21497.0,31.046051,31Â°2â€²45.8â€³N,34.851612,34Â°51â€²5.8â€³E,False,True,False,9364000.0,Western Asia,21937.0,440.0
+39,Rome,12.5,41Â°53â€²N,41.8833,12Â°30â€²E,.it,Europe,Italy,Italy,Italien,EUR,Euro,â‚¬,True,True,ğŸ‡®ğŸ‡¹,2099880198258.88,35551.285,45935.9966,35.9,0.728,0.892,IT,ITA,380,294140.0,42.71941,42Â°43â€²9.9â€³N,12.672814,12Â°40â€²22.1â€³E,True,True,False,59066225.0,Southern Europe,301340.0,7200.0
+1 876,Kingston,-76.7931,17Â°58â€²17â€³N,17.9714,76Â°47â€²35â€³W,.jm,North America,Jamaica,Jamaica,Jamaica,JMD,Jamaican dollar,$,False,False,ğŸ‡¯ğŸ‡²,13638230995.679,4586.6505,10025.9048,45.5,0.535,0.734,JM,JAM,388,10831.0,18.109581,18Â°6â€²34.5â€³N,-77.297508,77Â°17â€²51.0â€³W,False,False,False,2973462.0,Caribbean,10991.0,160.0
+81,Tokyo,139.6922,35Â°41â€²23â€³N,35.6897,139Â°41â€²32â€³E,.jp,Asia,Japan,Japan,Japan,JPY,Japanese yen,Â¥ or å††,False,False,ğŸ‡¯ğŸ‡µ,4937421880461.55,39285.1631,42940.4053,32.9,0.805,0.919,JP,JPN,392,364485.0,36.204824,36Â°12â€²17.4â€³N,138.252924,138Â°15â€²10.5â€³E,False,True,False,125681593.0,Eastern Asia,377915.0,13430.0
+44 1534,St. Helier,-2.1069,49Â°11â€²13â€³N,49.1869,2Â°06â€²25â€³W,.je,Europe,Jersey,Jersey,Jersey,JEP,Jersey pound,Â£,False,False,ğŸ‡¯ğŸ‡ª,,,,,,,JE,JEY,832,116.0,49.214439,49Â°12â€²52.0â€³N,-2.13125,2Â°7â€²52.5â€³W,False,False,False,,Northern Europe,116.0,0.0
+962,Amman,35.9328,31Â°56â€²59â€³N,31.9497,35Â°55â€²58â€³E,.jo,Asia,Jordan,Jordan,Jordanien,JOD,Jordanian dinar,Ø¯.Ø§,False,False,ğŸ‡¯ğŸ‡´,45243661971.831,4405.8394,10952.0106,33.7,0.553,0.729,JO,JOR,400,88802.0,31.199628,31Â°11â€²58.7â€³N,36.484474,36Â°29â€²4.1â€³E,False,False,False,10269022.0,Western Asia,89342.0,540.0
+7,Nur-Sultan,71.4333,51Â°10â€²N,51.1667,71Â°26â€²E,.kz,Asia,Kazakhstan,Kazakhstan,Kazakstan,KZT,Kazakhstani tenge,â‚¸,False,False,ğŸ‡°ğŸ‡¿,190814274226.211,10041.4898,28599.9859,27.8,0.629,0.825,KZ,KAZ,398,2699700.0,48.019573,48Â°1â€²10.5â€³N,66.923684,66Â°55â€²25.3â€³E,False,False,False,19002586.0,Central Asia,2724900.0,25200.0
+254,Nairobi,36.8172,01Â°17â€²11â€³S,-1.2864,36Â°49â€²02â€³E,.ke,Africa,Kenya,Kenya,Kenya,KES,Kenyan shilling,Sh,False,False,ğŸ‡°ğŸ‡ª,110347079517.356,2006.8322,5023.5113,40.8,0.547,0.601,KE,KEN,404,569140.0,-0.023559,0Â°1â€²24.8â€³S,37.906193,37Â°54â€²22.3â€³E,False,False,False,54985702.0,Eastern Africa,580367.0,11227.0
+686,South Tarawa,173.0,1Â°26â€²N,1.4333,173Â°00â€²E,.ki,Oceania,Kiribati,Kiribati,Kiribati,KID,Kiribati dollar,$,False,False,ğŸ‡°ğŸ‡®,,,,37.0,0.493,0.63,KI,KIR,296,811.0,-3.370417,3Â°22â€²13.5â€³S,-168.734039,168Â°44â€²2.5â€³W,False,False,False,121388.0,Micronesia,811.0,0.0
+850,Pyongyang,125.7381,39Â°1â€²10â€³N,39.0194,125Â°44â€²17â€³E,.kp,Asia,Korea (the Democratic People's Republic of),North Korea,Nordkorea,KPW,North Korean won,â‚©,False,False,ğŸ‡°ğŸ‡µ,,,,,,,KP,PRK,408,120408.0,40.018305,40Â°1â€²5.9â€³N,126.950167,126Â°57â€²0.6â€³E,False,False,False,25887045.0,Eastern Asia,120538.0,130.0
+82,Seoul,126.99,37Â°33â€²36â€³N,37.56,126Â°59â€²24â€³E,.kr,Asia,Korea (the Republic of),South Korea,Sydkorea,KRW,South Korean won,â‚©,False,False,ğŸ‡°ğŸ‡·,1798533915091.14,34757.7201,46918.4748,31.4,0.799,0.916,KR,KOR,410,96920.0,36.499864,36Â°29â€²59.5â€³N,127.971895,127Â°58â€²18.8â€³E,False,True,False,51744876.0,Eastern Asia,99720.0,2800.0
+965,Kuwait City,47.9783,29Â°22â€²11â€³N,29.3697,47Â°58â€²42â€³E,.kw,Asia,Kuwait,Kuwait,Kuwait,KWD,Kuwaiti dinar,Ø¯.Ùƒ,False,False,ğŸ‡°ğŸ‡¼,,,,,0.563,0.806,KW,KWT,414,17818.0,29.31166,29Â°18â€²42.0â€³N,47.481766,47Â°28â€²54.4â€³E,False,False,True,4328553.0,Western Asia,17818.0,0.0
+996,Bishkek,74.6122,42Â°52â€²29â€³N,42.8747,74Â°36â€²44â€³E,.kg,Asia,Kyrgyzstan,Kyrgyzstan,Kirgizistan,KGS,Kyrgyzstani som,Ñ,False,False,ğŸ‡°ğŸ‡¬,8543423502.6134,1276.2426,5287.7907,29.7,0.597,0.697,KG,KGZ,417,191801.0,41.567437,41Â°34â€²2.8â€³N,74.895384,74Â°53â€²43.4â€³E,False,False,False,6694200.0,Central Asia,199951.0,8150.0
+856,Vientiane,102.6,17Â°58â€²N,17.9667,102Â°36â€²E,.la,Asia,Lao People's Democratic Republic (the),Laos,Laos,LAK,Lao kip,â‚­,False,False,ğŸ‡±ğŸ‡¦,18827148530.0151,2551.3261,8674.0337,38.8,0.457,0.613,LA,LAO,418,230800.0,19.85627,19Â°51â€²22.6â€³N,102.495496,102Â°29â€²43.8â€³E,False,False,False,7379358.0,South-Eastern Asia,236800.0,6000.0
+371,Riga,24.1064,56Â°56â€²56â€³N,56.9489,24Â°6â€²23â€³E,.lv,Europe,Latvia,Latvia,Lettland,EUR,Euro,â‚¬,True,True,ğŸ‡±ğŸ‡»,38872546228.5653,20642.1679,34468.6021,35.1,0.707,0.866,LV,LVA,428,62249.0,57.101446,57Â°6â€²5.2â€³N,24.771556,24Â°46â€²17.6â€³E,True,True,False,1883162.0,Northern Europe,64589.0,2340.0
+961,Beirut,35.5131,33Â°53â€²13â€³N,33.8869,35Â°30â€²47â€³E,.lb,Asia,Lebanon,Lebanon,Libanon,LBP,Lebanese pound,Ù„.Ù„,False,False,ğŸ‡±ğŸ‡§,18076624840.1841,2670.442,10691.2153,31.8,0.515,0.744,LB,LBN,422,10230.0,33.854721,33Â°51â€²17.0â€³N,35.862285,35Â°51â€²44.2â€³E,False,False,False,6769151.0,Western Asia,10400.0,170.0
+266,Maseru,27.4833,29Â°19â€²S,-29.3167,27Â°29â€²E,.ls,Africa,Lesotho,Lesotho,Lesotho,LSL,Lesotho loti,L,False,False,ğŸ‡±ğŸ‡¸,2518468891.03913,1166.4617,2682.2355,44.9,0.4,0.527,LS,LSO,426,30355.0,-29.609988,29Â°36â€²36.0â€³S,28.233608,28Â°14â€²1.0â€³E,False,False,False,2159067.0,Southern Africa,30355.0,0.0
+231,Monrovia,-10.8014,6Â°18â€²48â€³N,6.3133,10Â°48â€²5â€³W,.lr,Africa,Liberia,Liberia,Liberia,LRD,Liberian dollar,$,False,False,ğŸ‡±ğŸ‡·,3486741370.0,673.0891,1552.8072,35.3,0.319,0.48,LR,LBR,430,96320.0,6.428055,6Â°25â€²41.0â€³N,-9.429499,9Â°25â€²46.2â€³W,False,False,False,5180208.0,Western Africa,111369.0,15049.0
+218,Tripoli,13.1914,32Â°53â€²14â€³N,32.8872,13Â°11â€²29â€³E,.ly,Africa,Libya,Libya,Libyen,LYD,Libyan dinar,Ù„.Ø¯,False,False,ğŸ‡±ğŸ‡¾,41879579677.1747,6018.4452,23356.605,,,0.724,LY,LBY,434,1759540.0,27.124192,27Â°7â€²27.1â€³N,17.717566,17Â°43â€²3.2â€³E,False,False,True,6958538.0,Northern Africa,1759540.0,0.0
+423,Vaduz,9.5211,47Â°08â€²28â€³N,47.1411,9Â°31â€²16â€³E,.li,Europe,Liechtenstein,Liechtenstein,Liechtenstein,CHF,Swiss franc,Fr.,False,True,ğŸ‡±ğŸ‡®,,,,,,0.919,LI,LIE,438,160.0,47.129872,47Â°7â€²47.5â€³N,9.563058,9Â°33â€²47.0â€³E,False,False,False,38254.0,Western Europe,160.0,0.0
+370,Vilnius,25.2833,54Â°41â€²N,54.6833,25Â°17â€²E,.lt,Europe,Lithuania,Lithuania,Litauen,EUR,Euro,â‚¬,True,True,ğŸ‡±ğŸ‡¹,65503849704.5997,23433.3909,42665.3229,35.7,0.706,0.882,LT,LTU,440,62680.0,55.427858,55Â°25â€²40.3â€³N,23.937397,23Â°56â€²14.6â€³E,True,True,False,2795321.0,Northern Europe,65300.0,2620.0
+352,Luxembourg,6.1319,49Â°36â€²42â€³N,49.6117,6Â°7â€²55â€³E,.lu,Europe,Luxembourg,Luxembourg,Luxemburg,EUR,Euro,â‚¬,True,True,ğŸ‡±ğŸ‡º,86710803337.0994,135682.7943,134753.7977,35.4,0.686,0.916,LU,LUX,442,2586.0,49.75636,49Â°45â€²22.9â€³N,6.114688,6Â°6â€²52.9â€³E,True,True,False,639070.0,Western Europe,2586.0,0.0
+853,,,,,,.mo,Asia,Macao,Macao,Macao,MOP,Macanese pataca,MOP$,False,False,ğŸ‡²ğŸ‡´,29905190181.75,45421.6266,73802.2339,,0.796,,MO,MAC,446,28.2,22.198745,22Â°11â€²55.5â€³N,113.543873,113Â°32â€²37.9â€³E,False,False,False,658391.0,Eastern Asia,28.2,0.0
+261,Antananarivo,47.5167,18Â°56â€²S,-18.9333,47Â°31â€²E,.mg,Africa,Madagascar,Madagascar,Madagaskar,MGA,Malagasy ariary,Ar,False,False,ğŸ‡²ğŸ‡¬,14637400395.689,514.9059,1635.418,42.6,0.392,0.528,MG,MDG,450,581540.0,-18.766947,18Â°46â€²1.0â€³S,46.869107,46Â°52â€²8.8â€³E,False,False,False,28427333.0,Eastern Africa,587041.0,5501.0
+265,Lilongwe,33.7833,13Â°59â€²S,-13.9833,33Â°47â€²E,.mw,Africa,Malawi,Malawi,Malawi,MWK,Malawian kwacha,MK,False,False,ğŸ‡²ğŸ‡¼,12626718073.7439,642.6569,1658.3344,44.7,0.413,0.483,MW,MWI,454,94080.0,-13.533288,13Â°31â€²59.8â€³S,34.262269,34Â°15â€²44.2â€³E,False,False,False,19647681.0,Eastern Africa,118484.0,24404.0
+60,Kuala Lumpur,101.6953,03Â°08â€²52â€³N,3.1478,101Â°41â€²43â€³E,.my,Asia,Malaysia,Malaysia,Malaysia,MYR,Malaysian ringgit,RM,False,False,ğŸ‡²ğŸ‡¾,372701358820.264,11371.099,29617.2968,41.1,0.611,0.81,MY,MYS,458,328657.0,4.210484,4Â°12â€²37.7â€³N,101.975766,101Â°58â€²32.8â€³E,False,False,False,32776195.0,South-Eastern Asia,329847.0,1190.0
+960,MalÃ©,73.5089,4Â°10â€²31â€³N,4.1753,73Â°30â€²32â€³E,.mv,Asia,Maldives,Maldives,Maldiverna,MVR,Maldivian rufiyaa,.Şƒ,False,False,ğŸ‡²ğŸ‡»,4889666931.63855,8994.6414,18232.2447,31.3,,0.74,MV,MDV,462,298.0,3.202778,3Â°12â€²10.0â€³N,73.22068,73Â°13â€²14.4â€³E,False,False,False,543620.0,Southern Asia,298.0,0.0
+223,Bamako,-8.0028,12Â°38â€²21â€³N,12.6392,8Â°0â€²10â€³W,.ml,Africa,Mali,Mali,Mali,XOF,West African CFA franc,Fr,False,False,ğŸ‡²ğŸ‡±,19143741503.1482,917.9131,2447.3243,33.0,0.318,0.434,ML,MLI,466,1220190.0,17.809989,17Â°48â€²36.0â€³N,-1.750127,1Â°45â€²0.5â€³W,False,False,False,20855724.0,Western Africa,1240192.0,20002.0
+356,Valletta,14.5125,35Â°53â€²54â€³N,35.8983,14Â°30â€²45â€³E,.mt,Europe,Malta,Malta,Malta,EUR,Euro,â‚¬,True,True,ğŸ‡²ğŸ‡¹,17189730469.5554,33257.422,47714.4522,28.7,0.709,0.895,MT,MLT,470,316.0,35.937496,35Â°56â€²15.0â€³N,14.375416,14Â°22â€²31.5â€³E,False,False,False,516869.0,Southern Europe,316.0,0.0
+692,Majuro,171.3833,7Â°05â€²N,7.0833,171Â°23â€²E,.mh,Oceania,Marshall Islands (the),Marshall Islands,MarshallÃ¶arna,USD,United States dollar,$,False,False,ğŸ‡²ğŸ‡­,248665600.0,4170.9819,4181.4872,,0.423,0.704,MH,MHL,584,181.0,7.131474,7Â°7â€²53.3â€³N,171.184478,171Â°11â€²4.1â€³E,False,False,False,59618.0,Micronesia,181.0,0.0
+596,,,,,,.mq,North America,Martinique,Martinique,Martinique,EUR,Euro,â‚¬,False,False,ğŸ‡²ğŸ‡¶,,,,,,,MQ,MTQ,474,,14.641528,14Â°38â€²29.5â€³N,-61.024174,61Â°1â€²27.0â€³W,False,False,False,,Caribbean,,
+222,Nouakchott,-15.9786,18Â°05â€²09â€³N,18.0858,15Â°58â€²43â€³W,.mr,Africa,Mauritania,Mauritania,Mauretanien,MRU,Mauritanian ouguiya,UM,False,False,ğŸ‡²ğŸ‡·,8227580740.49889,1723.0139,5591.8347,32.6,0.382,0.546,MR,MRT,478,1030700.0,20.243738,20Â°14â€²37.5â€³N,-10.390708,10Â°23â€²26.5â€³W,False,False,False,4775110.0,Western Africa,1030700.0,0.0
+230,Port Louis,57.5042,20Â°9â€²52â€³S,-20.1644,57Â°30â€²15â€³E,.mu,Africa,Mauritius,Mauritius,Mauritius,MUR,Mauritian rupee,â‚¨,False,False,ğŸ‡²ğŸ‡º,11156657769.6974,8812.1082,22240.135,36.8,0.622,0.804,MU,MUS,480,2030.0,-20.270205,20Â°16â€²12.7â€³S,57.585306,57Â°35â€²7.1â€³E,False,False,False,1266060.0,Eastern Africa,2040.0,10.0
+262,,,,,,.yt,Africa,Mayotte,Mayotte,Mayotte,EUR,Euro,â‚¬,False,False,ğŸ‡¾ğŸ‡¹,,,,,,,YT,MYT,175,,-12.8275,12Â°49â€²39.0â€³S,45.166244,45Â°9â€²58.5â€³E,False,False,False,,Eastern Africa,,
+52,Mexico City,-99.1333,19Â°26â€²N,19.4333,99Â°8â€²W,.mx,North America,Mexico,Mexico,Mexiko,MXN,Mexican peso,$,False,False,ğŸ‡²ğŸ‡½,1293037866360.17,9926.4228,20036.4554,45.4,0.613,0.779,MX,MEX,484,1943945.0,23.634501,23Â°38â€²4.2â€³N,-102.552784,102Â°33â€²10.0â€³W,False,True,False,130262220.0,Central America,1964375.0,20430.0
+691,Palikir,158.1589,6Â°55â€²2â€³N,6.9172,158Â°9â€²32â€³E,.fm,Oceania,Micronesia (Federated States of),Micronesia,Mikronesiska federationen,USD,United States dollar,$,False,False,ğŸ‡«ğŸ‡²,404178049.753978,3476.6509,3544.2246,40.1,0.506,0.62,FM,FSM,583,702.0,7.425554,7Â°25â€²32.0â€³N,150.550812,150Â°33â€²2.9â€³E,False,False,False,116255.0,Micronesia,702.0,0.0
+373,ChiÈ™inÄƒu,28.8353,47Â°01â€²22â€³N,47.0228,28Â°50â€²07â€³E,.md,Europe,Moldova (the Republic of),Moldova,Moldavien,MDL,Moldovan leu,L,False,False,ğŸ‡²ğŸ‡©,13679221333.2052,5314.5315,15637.2404,25.7,0.584,0.75,MD,MDA,498,32891.0,47.217536,47Â°13â€²3.1â€³N,28.607661,28Â°36â€²27.6â€³E,False,False,False,2573928.0,Eastern Europe,33851.0,960.0
+377,Monaco,7.4197,43Â°43â€²52.48â€³N,43.7312,7Â°25â€²11.08â€³E,.mc,Europe,Monaco,Monaco,Monaco,EUR,Euro,â‚¬,False,False,ğŸ‡²ğŸ‡¨,,,,,,,MC,MCO,492,2.0,43.73396,43Â°44â€²2.3â€³N,7.422564,7Â°25â€²21.2â€³E,False,False,False,39520.0,Western Europe,2.0,0.0
+976,Ulaanbaatar,106.9172,47Â°55â€²13â€³N,47.9203,106Â°55â€²02â€³E,.mn,Asia,Mongolia,Mongolia,Mongoliet,MNT,Mongolian tÃ¶grÃ¶g,â‚®,False,False,ğŸ‡²ğŸ‡³,15098022828.6106,4534.9186,12862.7469,32.7,0.614,0.737,MN,MNG,496,1553556.0,46.862496,46Â°51â€²45.0â€³N,103.846656,103Â°50â€²48.0â€³E,False,False,False,3329282.0,Eastern Asia,1564116.0,10560.0
+382,Podgorica,19.2629,42Â°26â€²28.63â€³N,42.4413,19Â°15â€²46.41â€³E,.me,Europe,Montenegro,Montenegro,Montenegro,EUR,Euro,â‚¬,False,False,ğŸ‡²ğŸ‡ª,5809170961.78285,9367.0169,22795.4073,38.5,0.633,0.829,ME,MNE,499,13452.0,42.87209,42Â°52â€²19.5â€³N,19.281906,19Â°16â€²54.9â€³E,True,False,False,620173.0,Southern Europe,13812.0,360.0
+1 664,Brades,-62.2106,16Â°47â€²34â€³N,16.7928,62Â°12â€²38â€³W,.ms,North America,Montserrat,Montserrat,Montserrat,XCD,Eastern Caribbean dollar,$,False,False,ğŸ‡²ğŸ‡¸,,,,,,,MS,MSR,500,102.0,16.742498,16Â°44â€²33.0â€³N,-62.187366,62Â°11â€²14.5â€³W,False,False,False,,Caribbean,102.0,0.0
+212,Rabat,-6.8333,34Â°02â€²N,34.0333,6Â°50â€²W,.ma,Africa,Morocco,Morocco,Marocko,MAD,Moroccan dirham,Ø¯.Ù….,False,False,ğŸ‡²ğŸ‡¦,132725261467.431,3496.7583,8143.5254,39.5,0.504,0.686,MA,MAR,504,446300.0,31.791702,31Â°47â€²30.1â€³N,-7.09262,7Â°5â€²33.4â€³W,False,False,False,37344787.0,Northern Africa,446550.0,250.0
+258,Maputo,32.5833,25Â°58â€²S,-25.9667,32Â°35â€²E,.mz,Africa,Mozambique,Mozambique,MoÃ§ambique,MZN,Mozambican metical,MT,False,False,ğŸ‡²ğŸ‡¿,16095828896.6342,500.4448,1342.2901,54.0,0.362,0.456,MZ,MOZ,508,786380.0,-17.567146,17Â°34â€²1.7â€³S,35.782651,35Â°46â€²57.5â€³E,False,False,False,32163045.0,Eastern Africa,799380.0,13000.0
+95,Naypyidaw,96.115,19Â°44â€²51â€³N,19.7475,96Â°06â€²54â€³E,.mm,Asia,Myanmar,Myanmar,Myanmar,MMK,Burmese kyat,Ks,False,False,ğŸ‡²ğŸ‡²,65067808984.6792,1187.2385,4344.9432,30.7,0.478,0.583,MM,MMR,104,653508.0,21.913965,21Â°54â€²50.3â€³N,95.956223,95Â°57â€²22.4â€³E,False,False,False,54806014.0,South-Eastern Asia,676578.0,23070.0
+264,Windhoek,17.0836,22Â°34â€²12â€³S,-22.57,17Â°5â€²1â€³E,.na,Africa,Namibia,Namibia,Namibia,NAD,Namibian dollar,$,False,False,ğŸ‡³ğŸ‡¦,12236250784.1336,4729.2709,9805.1819,59.1,0.446,0.646,NA,NAM,516,823290.0,-22.557397,22Â°33â€²26.6â€³S,17.081065,17Â°4â€²51.8â€³E,False,False,False,2587344.0,Southern Africa,824292.0,1002.0
+674,Yaren,166.9209,0Â°32â€²51.72â€³S,-0.5477,166Â°55â€²15.12â€³E,.nr,Oceania,Nauru,Nauru,Nauru,AUD,Australian dollar,$,False,False,ğŸ‡³ğŸ‡·,133218896.932607,12252.2668,15102.661,34.8,0.508,,NR,NRU,520,21.0,-0.522778,0Â°31â€²22.0â€³S,166.931503,166Â°55â€²53.4â€³E,False,False,False,10873.0,Micronesia,21.0,0.0
+977,Kathmandu,85.3239,27Â°43â€²02â€³N,27.7172,85Â°19â€²26â€³E,.np,Asia,Nepal,Nepal,Nepal,NPR,Nepalese rupee,à¤°à¥‚,False,False,ğŸ‡³ğŸ‡µ,36288830373.4106,1222.8788,4260.8397,32.8,0.505,0.602,NP,NPL,524,143351.0,28.037507,28Â°2â€²15.0â€³N,84.483704,84Â°29â€²1.3â€³E,False,False,False,29674920.0,Southern Asia,147181.0,3830.0
+31,Amsterdam,4.9,52Â°22â€²N,52.3667,4Â°54â€²E,.nl,Europe,Netherlands (the),Netherlands,NederlÃ¤nderna,EUR,Euro,â‚¬,True,True,ğŸ‡³ğŸ‡±,1018007056949.6,58061.0017,63766.8871,28.1,0.79,0.944,NL,NLD,528,33893.0,52.132633,52Â°7â€²57.5â€³N,5.291266,5Â°17â€²28.6â€³E,True,True,False,17533405.0,Western Europe,41543.0,7650.0
+687,NoumÃ©a,166.4581,22Â°16â€²33â€³S,-22.2758,166Â°27â€²29â€³E,.nc,Oceania,New Caledonia,New Caledonia,Nya Kaledonien,XPF,CFP franc,â‚£,False,False,ğŸ‡³ğŸ‡¨,,,,,,,NC,NCL,540,18275.0,-20.904305,20Â°54â€²15.5â€³S,165.618042,165Â°37â€²5.0â€³E,False,False,False,272620.0,Melanesia,18575.0,300.0
+64,Wellington,174.7772,41Â°17â€²20â€³S,-41.2889,174Â°46â€²38â€³E,.nz,Oceania,New Zealand,New Zealand,Nya Zeeland,NZD,New Zealand dollar,$,False,False,ğŸ‡³ğŸ‡¿,249991512236.526,48801.6851,46419.5087,,0.776,0.931,NZ,NZL,554,264537.0,-41.792185,41Â°47â€²31.9â€³S,172.978875,172Â°58â€²43.9â€³E,False,True,False,5122600.0,Australia and New Zealand,268838.0,4301.0
+505,Managua,-86.2514,12Â°8â€²11â€³N,12.1364,86Â°15â€²5â€³W,.ni,North America,Nicaragua,Nicaragua,Nicaragua,NIO,Nicaraguan cÃ³rdoba,C$,False,False,ğŸ‡³ğŸ‡®,14013022092.0645,2090.7535,6331.6725,46.2,0.508,0.66,NI,NIC,558,119990.0,12.782944,12Â°46â€²58.6â€³N,-85.013674,85Â°0â€²49.2â€³W,False,False,False,6702379.0,Central America,130370.0,10380.0
+227,Niamey,2.1253,13Â°30â€²42â€³N,13.5117,2Â°7â€²31â€³E,.ne,Africa,Niger (the),Niger,Niger,XOF,West African CFA franc,Fr,False,False,ğŸ‡³ğŸ‡ª,14950949875.2729,594.9251,1309.8145,34.3,0.316,0.394,NE,NER,562,1266700.0,17.12811,17Â°7â€²41.2â€³N,9.589291,9Â°35â€²21.4â€³E,False,False,False,25130810.0,Western Africa,1267000.0,300.0
+234,Abuja,7.4833,9Â°4â€²N,9.0667,7Â°29â€²E,.ng,Africa,Nigeria,Nigeria,Nigeria,NGN,Nigerian naira,â‚¦,False,False,ğŸ‡³ğŸ‡¬,440776971536.015,2085.0308,5459.1586,35.1,0.361,0.539,NG,NGA,566,910768.0,9.605753,9Â°36â€²20.7â€³N,8.242418,8Â°14â€²32.7â€³E,False,False,True,211400704.0,Western Africa,923768.0,13000.0
+683,Alofi,-169.92,19Â°03â€²14â€³S,-19.0539,169Â°55â€²12â€³W,.nu,Oceania,Niue,Niue,Niue,NZD,New Zealand dollar,$,False,False,ğŸ‡³ğŸ‡º,,,,,,,NU,NIU,570,260.0,-19.054445,19Â°3â€²16.0â€³S,-169.867233,169Â°52â€²2.0â€³W,False,False,False,,Polynesia,260.0,0.0
+672,Kingston,167.9667,29Â°3â€²S,-29.05,167Â°58â€²E,.nf,Oceania,Norfolk Island,Norfolk Island,NorfolkÃ¶n,AUD,Australian dollar,$,False,False,ğŸ‡³ğŸ‡«,,,,,,,NF,NFK,574,36.0,-29.040835,29Â°2â€²27.0â€³S,167.954712,167Â°57â€²17.0â€³E,False,False,False,,Australia and New Zealand,36.0,0.0
+389,Skopje,21.4333,42Â°0â€²N,42.0,21Â°26â€²E,.mk,Europe,North Macedonia,North Macedonia,Nordmakedonien,MKD,Macedonian denar,Ğ´ĞµĞ½,False,False,ğŸ‡²ğŸ‡°,13879269151.5718,6720.8963,17918.0771,33.0,0.557,0.774,MK,MKD,807,25433.0,41.608635,41Â°36â€²31.1â€³N,21.745275,21Â°44â€²43.0â€³E,True,False,False,2065092.0,Southern Europe,25713.0,280.0
+1 670,Saipan,145.75,15Â°11â€²N,15.1833,145Â°45â€²E,.mp,Oceania,Northern Mariana Islands (the),Northern Mariana Islands,Nordmarianerna,USD,United States dollar,$,False,False,ğŸ‡²ğŸ‡µ,,,,,,,MP,MNP,580,464.0,17.33083,17Â°19â€²51.0â€³N,145.38469,145Â°23â€²4.9â€³E,False,False,False,57910.0,Micronesia,464.0,0.0
+47,Oslo,10.7522,59Â°54â€²50â€³N,59.9139,10Â°45â€²8â€³E,.no,Europe,Norway,Norway,Norge,NOK,Norwegian krone,kr,False,True,ğŸ‡³ğŸ‡´,482437019790.454,89202.7505,79201.2302,27.6,0.771,0.957,NO,NOR,578,304282.0,61.174333,61Â°10â€²27.6â€³N,8.895294,8Â°53â€²43.1â€³E,True,True,False,5408320.0,Northern Europe,323802.0,19520.0
+968,Muscat,58.4083,23Â°35â€²20â€³N,23.5889,58Â°24â€²30â€³E,.om,Asia,Oman,Oman,Oman,OMR,Omani rial,Ø±.Ø¹.,False,False,ğŸ‡´ğŸ‡²,85868626527.9584,16439.2964,,,0.608,0.813,OM,OMN,512,309500.0,21.135713,21Â°8â€²8.6â€³N,56.981732,56Â°58â€²54.2â€³E,False,False,False,5223376.0,Western Asia,309500.0,0.0
+92,Islamabad,73.0639,33Â°41â€²35â€³N,33.6931,73Â°03â€²50â€³E,.pk,Asia,Pakistan,Pakistan,Pakistan,PKR,Pakistani rupee,â‚¨,False,False,ğŸ‡µğŸ‡°,346343170486.072,1537.9364,5877.6426,31.6,0.406,0.557,PK,PAK,586,770875.0,29.002557,29Â°0â€²9.2â€³N,68.194971,68Â°11â€²41.9â€³E,False,False,False,225199929.0,Southern Asia,796095.0,25220.0
+680,Ngerulmud,134.6242,7Â°30â€²2â€³N,7.5006,134Â°37â€²27â€³E,.pw,Oceania,Palau,Palau,Palau,USD,United States dollar,$,False,False,ğŸ‡µğŸ‡¼,,,,,0.588,0.826,PW,PLW,585,459.0,7.51498,7Â°30â€²53.9â€³N,134.58252,134Â°34â€²57.1â€³E,False,False,False,18174.0,Micronesia,459.0,0.0
+970,,,,,,.ps,Asia,"Palestine, State of",Palestine,Palestina,ILS,Israeli new shekel,â‚ª,False,False,ğŸ‡µğŸ‡¸,18036800000.0,3663.9691,6199.451,33.7,0.58,0.708,PS,PSE,275,,32.011718,32Â°0â€²42.2â€³N,35.296941,35Â°17â€²49.0â€³E,False,False,False,4922749.0,Western Asia,,
+507,Panama City,-79.5167,8Â°59â€²N,8.9833,79Â°31â€²W,.pa,North America,Panama,Panama,Panama,PAB,Panamanian balboa,B/.,False,False,ğŸ‡µğŸ‡¦,63605065800.0,14516.458,31680.186,49.8,0.502,0.815,PA,PAN,591,74340.0,8.799939,8Â°47â€²59.8â€³N,-80.277962,80Â°16â€²40.7â€³W,False,False,False,4381583.0,Central America,75420.0,1080.0
+675,Port Moresby,147.1494,9Â°28â€²44â€³S,-9.4789,147Â°08â€²58â€³E,.pg,Oceania,Papua New Guinea,Papua New Guinea,Papua Nya Guinea,PGK,Papua New Guinean kina,K,False,False,ğŸ‡µğŸ‡¬,26594277245.782,2916.3573,4445.3648,41.9,0.429,0.555,PG,PNG,598,452860.0,-6.314993,6Â°18â€²54.0â€³S,143.95555,143Â°57â€²20.0â€³E,False,False,False,9119005.0,Melanesia,462840.0,9980.0
+595,AsunciÃ³n,-57.6333,25Â°18â€²S,-25.3,57Â°38â€²W,.py,South America,Paraguay,Paraguay,Paraguay,PYG,Paraguayan guaranÃ­,â‚²,False,False,ğŸ‡µğŸ‡¾,38986810989.0011,5400.1038,13975.8582,45.7,0.528,0.728,PY,PRY,600,397302.0,-23.478587,23Â°28â€²42.9â€³S,-57.855851,57Â°51â€²21.1â€³W,False,False,False,7219641.0,South America,406752.0,9450.0
+51,Lima,-77.0333,12Â°03â€²S,-12.05,77Â°02â€²W,.pe,South America,Peru,Peru,Peru,PEN,Peruvian sol,S/,False,False,ğŸ‡µğŸ‡ª,223249497500.387,6692.2484,13895.2758,41.5,0.605,0.777,PE,PER,604,1279996.0,-9.189967,9Â°11â€²23.9â€³S,-75.015152,75Â°0â€²54.5â€³W,False,False,False,33359416.0,South America,1285216.0,5220.0
+63,Manila,120.9833,14Â°36â€²N,14.6,120Â°59â€²E,.ph,Asia,Philippines (the),Philippines,Filippinerna,PHP,Philippine peso,â‚±,False,False,ğŸ‡µğŸ‡­,394086419343.056,3548.8283,9119.6934,42.3,0.516,0.718,PH,PHL,608,298170.0,12.879721,12Â°52â€²47.0â€³N,121.774017,121Â°46â€²26.5â€³E,False,False,False,111046910.0,South-Eastern Asia,300000.0,1830.0
+64,Adamstown,-130.1,25Â°4â€²S,-25.0667,130Â°6â€²W,.pn,Oceania,Pitcairn,Pitcairn,PitcairnÃ¶arna,NZD,New Zealand dollar,$,False,False,ğŸ‡µğŸ‡³,,,,,,,PN,PCN,612,47.0,-24.703615,24Â°42â€²13.0â€³S,-127.439308,127Â°26â€²21.5â€³W,False,False,False,,Polynesia,47.0,0.0
+48,Warsaw,21.0167,52Â°14â€²N,52.2333,21Â°1â€²E,.pl,Europe,Poland,Poland,Polen,PLN,Polish zÅ‚oty,zÅ‚,True,True,ğŸ‡µğŸ‡±,674048266397.369,17840.9211,37502.5599,30.2,0.753,0.88,PL,POL,616,304255.0,52.118636,52Â°7â€²7.1â€³N,19.362633,19Â°21â€²45.5â€³E,True,True,False,37781024.0,Eastern Europe,312685.0,8430.0
+351,Lisbon,-9.15,38Â°43â€²31â€³N,38.7253,9Â°09â€²00â€³W,.pt,Europe,Portugal,Portugal,Portugal,EUR,Euro,â‚¬,True,True,ğŸ‡µğŸ‡¹,249886464354.752,24262.1809,35888.1654,33.5,0.769,0.864,PT,PRT,620,91470.0,39.662579,39Â°39â€²45.3â€³N,-8.236977,8Â°14â€²13.1â€³W,True,True,False,10299423.0,Southern Europe,92090.0,620.0
"+1 787, +1 939",San Juan,-66.0639,18Â°24â€²23â€³N,18.4064,66Â°3â€²50â€³W,.pr,North America,Puerto Rico,Puerto Rico,Puerto Rico,USD,United States dollar,$,False,False,ğŸ‡µğŸ‡·,,,,,,,PR,PRI,630,8959.0,18.211562,18Â°12â€²41.6â€³N,-66.455213,66Â°27â€²18.8â€³W,False,False,False,3263584.0,Caribbean,9104.0,145.0
+974,Doha,51.5333,25Â°17â€²12â€³N,25.2867,51Â°32â€²0â€³E,.qa,Asia,Qatar,Qatar,Qatar,QAR,Qatari riyal,Ø±.Ù‚,False,False,ğŸ‡¶ğŸ‡¦,179570783550.549,61275.9983,93521.4418,,0.638,0.848,QA,QAT,634,11586.0,25.354826,25Â°21â€²17.4â€³N,51.183884,51Â°11â€²2.0â€³E,False,False,False,2930524.0,Western Asia,11586.0,0.0
+40,Bucharest,26.1039,44Â°25â€²57â€³N,44.4325,26Â°6â€²14â€³E,.ro,Europe,Romania,Romania,RumÃ¤nien,RON,Romanian leu,lei,True,True,ğŸ‡·ğŸ‡´,284087563695.798,14861.9092,35413.9906,35.8,0.584,0.828,RO,ROU,642,229891.0,45.943161,45Â°56â€²35.4â€³N,24.96676,24Â°58â€²0.3â€³E,True,False,False,19115146.0,Eastern Europe,238391.0,8500.0
+7,Moscow,37.6172,55Â°45â€²21â€³N,55.7558,37Â°37â€²2â€³E,.ru,Europe,Russian Federation (the),Russia,Ryssland,RUB,Russian ruble,â‚½,False,False,ğŸ‡·ğŸ‡º,1775799919352.98,12172.7852,32803.3555,37.5,0.681,0.824,RU,RUS,643,16377742.0,62.206762,62Â°12â€²24.3â€³N,94.444975,94Â°26â€²41.9â€³E,False,False,False,143446060.0,Eastern Europe,17098242.0,720500.0
+250,Kigali,30.0594,1Â°56â€²38â€³S,-1.9439,30Â°3â€²34â€³E,.rw,Africa,Rwanda,Rwanda,Rwanda,RWF,Rwandan franc,Fr,False,False,ğŸ‡·ğŸ‡¼,11070356519.4804,833.8299,2494.0506,43.7,0.38,0.543,RW,RWA,646,24668.0,-1.940278,1Â°56â€²25.0â€³S,29.873888,29Â°52â€²26.0â€³E,False,False,False,13276517.0,Eastern Africa,26338.0,1670.0
+262,,,,,,.re,Africa,RÃ©union,RÃ©union,RÃ©union,,,,False,False,ğŸ‡·ğŸ‡ª,,,,,,,RE,REU,638,,-21.115141,21Â°6â€²54.5â€³S,55.536384,55Â°32â€²11.0â€³E,False,False,False,,Eastern Africa,,
+590,Gustavia,-62.8506,17Â°53â€²52.47â€³N,17.8979,62Â°51â€²2.0â€³W,,North America,Saint BarthÃ©lemy,Saint BarthÃ©lemy,Saint-BarthÃ©lemy,EUR,Euro,â‚¬,False,False,ğŸ‡§ğŸ‡±,,,,,,,BL,BLM,652,25.0,17.897655,17Â°53â€²51.6â€³N,-62.829007,62Â°49â€²44.4â€³W,False,False,False,,Caribbean,25.0,
+290,Jamestown,-5.7181,15Â°55â€²28â€³S,-15.9244,5Â°43â€²5â€³W,.sh,Africa,"Saint Helena, Ascension and Tristan da Cunha","Saint Helena, Ascension and Tristan da Cunha",Sankta Helena,SHP,Saint Helena pound,Â£,False,False,ğŸ‡¸ğŸ‡­,,,,,,,SH,SHN,654,122.0,-15.967011,15Â°58â€²1.2â€³S,-5.704086,5Â°42â€²14.7â€³W,False,False,False,,Western Africa,394.0,0.0
+1 869,Basseterre,-62.7333,17Â°18â€²N,17.3,62Â°44â€²W,.kn,North America,Saint Kitts and Nevis,Saint Kitts and Nevis,Saint Kitts och Nevis,XCD,Eastern Caribbean dollar,$,False,False,ğŸ‡°ğŸ‡³,976150666.666667,18230.1323,26256.2955,,0.586,0.779,KN,KNA,659,261.0,17.357822,17Â°21â€²28.2â€³N,-62.782998,62Â°46â€²58.8â€³W,False,False,False,53546.0,Caribbean,261.0,0.0
+1 758,Castries,-60.9833,14Â°01â€²N,14.0167,60Â°59â€²W,.lc,North America,Saint Lucia,Saint Lucia,Saint Lucia,XCD,Eastern Caribbean dollar,$,False,False,ğŸ‡±ğŸ‡¨,1764901133.33333,9570.9955,14051.364,51.2,0.603,0.759,LC,LCA,662,606.0,13.909444,13Â°54â€²34.0â€³N,-60.978893,60Â°58â€²44.0â€³W,False,False,False,184401.0,Caribbean,616.0,10.0
+590,Marigot,-63.0822,18Â°04â€²23â€³N,18.0731,63Â°04â€²56â€³W,,North America,Saint Martin (French part),Saint Martin,Saint-Martin,EUR,Euro,â‚¬,False,False,ğŸ‡²ğŸ‡«,,,,,,,MF,MAF,663,54.4,18.085813,18Â°5â€²8.9â€³N,-63.049643,63Â°2â€²58.7â€³W,False,False,False,39239.0,Caribbean,54.4,
+508,St. Pierre,-56.1778,46Â°46â€²40â€³N,46.7778,56Â°10â€²40â€³W,.pm,North America,Saint Pierre and Miquelon,Saint Pierre and Miquelon,Saint-Pierre och Miquelon,EUR,Euro,â‚¬,False,False,ğŸ‡µğŸ‡²,,,,,,,PM,SPM,666,242.0,46.961783,46Â°57â€²42.4â€³N,-56.326792,56Â°19â€²36.5â€³W,False,False,False,,Northern America,242.0,0.0
+1 784,Kingstown,-61.225,13Â°09â€²28â€³N,13.1578,061Â°13â€²30â€³W,.vc,North America,Saint Vincent and the Grenadines,Saint Vincent and the Grenadines,Saint Vincent och Grenadinerna,XCD,Eastern Caribbean dollar,$,False,False,ğŸ‡»ğŸ‡¨,889775243.378352,7996.614,14021.4294,,0.533,0.738,VC,VCT,670,389.0,13.250843,13Â°15â€²3.0â€³N,-61.189338,61Â°11â€²21.6â€³W,False,False,False,111269.0,Caribbean,389.0,0.0
+685,Apia,-171.75,13Â°50â€²S,-13.8333,171Â°45â€²W,.ws,Oceania,Samoa,Samoa,Samoa,WST,Samoan tÄlÄ,T,False,False,ğŸ‡¼ğŸ‡¸,788389971.603065,3939.1137,6420.3545,38.7,0.548,0.715,WS,WSM,882,2821.0,-13.759029,13Â°45â€²32.5â€³S,-172.104629,172Â°6â€²16.7â€³W,False,False,False,200144.0,Polynesia,2831.0,10.0
+378,San Marino,12.4473,43Â°56â€²4.56â€³N,43.9346,12Â°26â€²50.28â€³E,.sm,Europe,San Marino,San Marino,San Marino,EUR,Euro,â‚¬,False,False,ğŸ‡¸ğŸ‡²,,,,,,,SM,SMR,674,61.0,43.94236,43Â°56â€²32.5â€³N,12.457777,12Â°27â€²28.0â€³E,False,False,False,34010.0,Southern Europe,61.0,0.0
+239,SÃ£o TomÃ©,6.7306,0Â°20â€²10â€³N,0.3361,6Â°43â€²50â€³E,.st,Africa,SÃ£o TomÃ© and PrÃ­ncipe,SÃ£o TomÃ© and PrÃ­ncipe,SÃ£o TomÃ© och PrÃ­ncipe,STN,SÃ£o TomÃ© and PrÃ­ncipe dobra,Db,False,False,ğŸ‡¸ğŸ‡¹,547092915.036334,2449.3334,4445.9296,56.3,,0.625,ST,STP,678,964.0,0.250674,0Â°15â€²2.4â€³N,6.604415,6Â°36â€²15.9â€³E,False,False,False,223364.0,Middle Africa,964.0,0.0
+966,Riyadh,46.7167,24Â°38â€²N,24.6333,46Â°43â€²E,.sa,Asia,Saudi Arabia,Saudi Arabia,Saudiarabien,SAR,Saudi riyal,ï·¼,False,False,ğŸ‡¸ğŸ‡¦,833541236569.315,23585.8856,49551.3346,,0.576,0.854,SA,SAU,682,2149690.0,23.885942,23Â°53â€²9.4â€³N,45.079162,45Â°4â€²45.0â€³E,False,False,True,35340680.0,Western Asia,2149690.0,0.0
+221,Dakar,-17.4467,14Â°41â€²34â€³N,14.6928,17Â°26â€²48â€³W,.sn,Africa,Senegal,Senegal,Senegal,XOF,West African CFA franc,Fr,False,False,ğŸ‡¸ğŸ‡³,27625388352.1688,1606.4721,3768.6671,40.3,0.42,0.512,SN,SEN,686,192530.0,14.497401,14Â°29â€²50.6â€³N,-14.452362,14Â°27â€²8.5â€³W,False,False,False,17196308.0,Western Africa,196722.0,4192.0
+381,Belgrade,20.4667,44Â°49â€²N,44.8167,20Â°28â€²E,.rs,Europe,Serbia,Serbia,Serbien,RSD,Serbian dinar,Ğ´Ğ¸Ğ½. or din.,False,False,ğŸ‡·ğŸ‡¸,63068134601.1254,9214.9935,21432.4103,36.2,0.677,0.806,RS,SRB,688,77474.0,44.016521,44Â°0â€²59.5â€³N,21.005859,21Â°0â€²21.1â€³E,False,False,False,6844078.0,Southern Europe,77474.0,0.0
+248,Victoria,55.45,4Â°37â€²S,-4.6167,55Â°27â€²E,.sc,Africa,Seychelles,Seychelles,Seychellerna,SCR,Seychellois rupee,â‚¨,False,False,ğŸ‡¸ğŸ‡¨,1320053793.03903,13306.7256,29837.4619,32.1,0.633,0.796,SC,SYC,690,455.0,-4.679574,4Â°40â€²46.5â€³S,55.491977,55Â°29â€²31.1â€³E,False,False,False,99202.0,Eastern Africa,455.0,0.0
+232,Freetown,-13.2344,8Â°29â€²4â€³N,8.4844,13Â°14â€²4â€³W,.sl,Africa,Sierra Leone,Sierra Leone,Sierra Leone,SLL,Sierra Leonean leone,Le,False,False,ğŸ‡¸ğŸ‡±,4200380124.32911,515.9321,1816.1703,35.7,0.363,0.452,SL,SLE,694,71620.0,8.460555,8Â°27â€²38.0â€³N,-11.779889,11Â°46â€²47.6â€³W,False,False,False,8141343.0,Western Africa,71740.0,120.0
+65,Singapore,103.8333,1Â°17â€²N,1.2833,103Â°50â€²E,.sg,Asia,Singapore,Singapore,Singapore,SGD,Singapore dollar,$,False,False,ğŸ‡¸ğŸ‡¬,396986899888.351,72794.003,116486.4732,,0.879,0.938,SG,SGP,702,709.2,1.352083,1Â°21â€²7.5â€³N,103.819836,103Â°49â€²11.4â€³E,False,False,False,5453566.0,South-Eastern Asia,719.2,10.0
+1 721,Philipsburg,-63.0458,18Â°01â€²25â€³N,18.0236,63Â°02â€²45â€³W,.sx,North America,Sint Maarten (Dutch part),Sint Maarten,Sint Maarten,ANG,Netherlands Antillean guilder,Æ’,False,False,ğŸ‡¸ğŸ‡½,,,,,,,SX,SXM,534,34.0,18.041016,18Â°2â€²27.7â€³N,-63.051513,63Â°3â€²5.4â€³W,False,False,False,42846.0,Caribbean,34.0,0.0
+421,Bratislava,17.1097,48Â°08â€²38â€³N,48.1439,17Â°06â€²35â€³E,.sk,Europe,Slovakia,Slovakia,Slovakien,EUR,Euro,â‚¬,True,True,ğŸ‡¸ğŸ‡°,114870706410.165,21087.8461,33010.2907,25.0,0.665,0.86,SK,SVK,703,48105.0,48.669026,48Â°40â€²8.5â€³N,19.699024,19Â°41â€²56.5â€³E,True,True,False,5447247.0,Eastern Europe,49035.0,930.0
+386,Ljubljana,14.5083,46Â°03â€²20â€³N,46.0556,14Â°30â€²30â€³E,.si,Europe,Slovenia,Slovenia,Slovenien,EUR,Euro,â‚¬,True,True,ğŸ‡¸ğŸ‡®,61526331889.499,29200.8199,43624.6732,24.6,0.775,0.917,SI,SVN,705,20151.0,46.151241,46Â°9â€²4.5â€³N,14.995463,14Â°59â€²43.7â€³E,True,True,False,2107007.0,Southern Europe,20273.0,122.0
+677,Honiara,159.9556,9Â°25â€²55â€³S,-9.4319,159Â°57â€²20â€³E,.sb,Oceania,Solomon Islands,Solomon Islands,SalomonÃ¶arna,SBD,Solomon Islands dollar,$,False,False,ğŸ‡¸ğŸ‡§,1645213881.62016,2336.9681,2656.1006,37.1,0.42,0.567,SB,SLB,90,27986.0,-9.64571,9Â°38â€²44.6â€³S,160.156194,160Â°9â€²22.3â€³E,False,False,False,703995.0,Melanesia,28896.0,910.0
+252,Mogadishu,45.3333,02Â°02â€²N,2.0333,45Â°20â€²E,.so,Africa,Somalia,Somalia,Somalia,SOS,Somali shilling,Sh,False,False,ğŸ‡¸ğŸ‡´,7292721820.00001,445.779,1302.4525,36.8,,,SO,SOM,706,627337.0,3.687751,3Â°41â€²15.9â€³N,45.41276,45Â°24â€²45.9â€³E,False,False,False,16359500.0,Eastern Africa,637657.0,10320.0
+27,"Bloemfontein, Cape Town, Pretoria",28.188,25Â°44â€²46â€³S,-25.7461,28Â°11â€²17â€³E,.za,Africa,South Africa,South Africa,Sydafrika,ZAR,South African rand,R,False,False,ğŸ‡¿ğŸ‡¦,419946428126.008,6994.2117,14420.1743,63.0,0.425,0.709,ZA,ZAF,710,1214470.0,-30.559482,30Â°33â€²34.1â€³S,22.937506,22Â°56â€²15.0â€³E,False,False,False,60041996.0,Southern Africa,1219090.0,4620.0
+500,King Edward Point,-36.5,54Â°17â€²00â€³S,-54.2833,36Â°30â€²00â€³W,.gs,,South Georgia and the South Sandwich Islands,South Georgia and the South Sandwich Islands,Sydgeorgien,FKP,Falkland Islands pound,Â£,False,False,ğŸ‡¬ğŸ‡¸,,,,,,,GS,SGS,239,3903.0,-54.429579,54Â°25â€²46.5â€³S,-36.587909,36Â°35â€²16.5â€³W,False,False,False,,,3903.0,0.0
+211,Juba,31.6,4Â°51â€²N,4.85,31Â°36â€²E,.ss,Africa,South Sudan,South Sudan,Sydsudan,SSP,South Sudanese pound,Â£,False,False,ğŸ‡¸ğŸ‡¸,,,,44.1,0.307,0.433,SS,SSD,728,,7.005022,7Â°0â€²18.1â€³N,30.211401,30Â°12â€²41.0â€³E,False,False,False,11381377.0,Eastern Africa,644329.0,
+34,Madrid,-3.7167,40Â°25â€²N,40.4167,3Â°43â€²W,.es,Europe,Spain,Spain,Spanien,EUR,Euro,â‚¬,True,True,ğŸ‡ªğŸ‡¸,1425276586282.92,30115.7059,40775.2786,34.7,0.728,0.904,ES,ESP,724,498980.0,40.463667,40Â°27â€²49.2â€³N,-3.74922,3Â°44â€²57.2â€³W,True,True,False,47326687.0,Southern Europe,505370.0,6390.0
+94,Sri Jayawardenepura Kotte,79.9167,6Â°55â€²N,6.9167,79Â°55â€²E,.lk,Asia,Sri Lanka,Sri Lanka,Sri Lanka,LKR,Sri Lankan rupee,"Rs, à¶»à·”  or  à®°à¯‚",False,False,ğŸ‡±ğŸ‡°,84518830392.6157,3814.7152,14127.2113,39.3,0.598,0.782,LK,LKA,144,64630.0,7.873054,7Â°52â€²23.0â€³N,80.771797,80Â°46â€²18.5â€³E,False,False,False,22156000.0,Southern Asia,65610.0,980.0
+249,Khartoum,32.56,15Â°30â€²2â€³N,15.5006,32Â°33â€²36â€³E,.sd,Africa,Sudan (the),Sudan,Sudan,SDG,Sudanese pound,Ø¬.Ø³.,False,False,ğŸ‡¸ğŸ‡©,34326058557.4359,764.341,4217.2207,34.2,0.377,0.51,SD,SDN,729,1731671.0,16.540312,16Â°32â€²25.1â€³N,30.450219,30Â°27â€²0.8â€³E,False,False,False,44909351.0,Northern Africa,1861484.0,129813.0
+597,Paramaribo,-55.2039,5Â°51â€²8â€³N,5.8522,55Â°12â€²14â€³W,.sr,South America,Suriname,Suriname,Surinam,SRD,Surinamese dollar,$,False,False,ğŸ‡¸ğŸ‡·,2862131979.69543,4836.3326,16675.6384,,,0.738,SR,SUR,740,156000.0,3.919305,3Â°55â€²9.5â€³N,-56.027783,56Â°1â€²40.0â€³W,False,False,False,591798.0,South America,163820.0,7820.0
+47,,,,,,,Europe,Svalbard and Jan Mayen,Svalbard and Jan Mayen,Svalbard och Jan Mayen,NOK,Norwegian krone,kr,False,False,ğŸ‡¸ğŸ‡¯,,,,,,,SJ,SJM,744,,78.792212,78Â°47â€²32.0â€³N,19.159548,19Â°9â€²34.4â€³E,False,False,False,,Northern Europe,,
+46,Stockholm,18.0686,59Â°19â€²46â€³N,59.3294,18Â°4â€²7â€³E,.se,Europe,Sweden,Sweden,Sverige,SEK,Swedish krona,kr,True,True,ğŸ‡¸ğŸ‡ª,627437898887.29,60238.9866,59323.9646,30.0,0.795,0.945,SE,SWE,752,410335.0,62.783193,62Â°46â€²59.5â€³N,15.345713,15Â°20â€²44.6â€³E,False,True,False,10415811.0,Northern Europe,450295.0,39960.0
+41,Bern,7.4475,46Â°56â€²53â€³N,46.9481,7Â°26â€²51â€³E,.ch,Europe,Switzerland,Switzerland,Schweiz,CHF,Swiss franc,Fr.,False,False,ğŸ‡¨ğŸ‡­,812866928867.47,93457.4404,77324.0881,33.1,0.756,0.955,CH,CHE,756,39997.0,46.818188,46Â°49â€²5.5â€³N,8.227512,8Â°13â€²39.0â€³E,False,True,False,8697723.0,Western Europe,41277.0,1280.0
+963,Damascus,36.2919,33Â°30â€²47â€³N,33.5131,36Â°17â€²31â€³E,.sy,Asia,Syrian Arab Republic (the),Syria,Syrien,SYP,Syrian pound,Â£ or Ù„.Ø³,False,False,ğŸ‡¸ğŸ‡¾,,,,37.5,,0.567,SY,SYR,760,185887.0,35.024716,35Â°1â€²29.0â€³N,38.597095,38Â°35â€²49.5â€³E,False,False,False,18275704.0,Western Asia,187437.0,1550.0
+886,Taipei,121.5167,25Â°04â€²N,25.0667,121Â°31â€²E,.tw,Asia,Taiwan (Province of China),Taiwan,Taiwan,TWD,New Taiwan dollar,$,False,False,ğŸ‡¹ğŸ‡¼,,,,,,,TW,TWN,158,32260.0,23.69781,23Â°41â€²52.1â€³N,120.960515,120Â°57â€²37.9â€³E,False,False,False,,Eastern Asia,35980.0,3720.0
+992,Dushanbe,68.78,38Â°32â€²12â€³N,38.5367,68Â°46â€²48â€³E,.tj,Asia,Tajikistan,Tajikistan,Tadzjikistan,TJS,Tajikistani samani,Ğ…Ğœ,False,False,ğŸ‡¹ğŸ‡¯,8746270636.40142,897.0879,4288.361,34.0,0.504,0.668,TJ,TJK,762,141510.0,38.861034,38Â°51â€²39.7â€³N,71.276093,71Â°16â€²33.9â€³E,False,False,False,9749625.0,Central Asia,144100.0,2590.0
+255,Dodoma,35.7419,6Â°10â€²23â€³S,-6.1731,35Â°44â€²31â€³E,.tz,Africa,"Tanzania, the United Republic of",Tanzania,Tanzania,TZS,Tanzanian shilling,Sh,False,False,ğŸ‡¹ğŸ‡¿,67775101794.3478,1135.5397,2932.6262,40.5,0.39,0.529,TZ,TZA,834,885800.0,-6.369028,6Â°22â€²8.5â€³S,34.888822,34Â°53â€²19.8â€³E,False,False,False,61498438.0,Eastern Africa,947300.0,61500.0
+66,Bangkok,100.4942,13Â°45â€²09â€³N,13.7525,100Â°29â€²39â€³E,.th,Asia,Thailand,Thailand,Thailand,THB,Thai baht,à¸¿,False,False,ğŸ‡¹ğŸ‡­,505981655622.305,7233.3889,19209.4924,34.9,0.609,0.777,TH,THA,764,510890.0,15.870032,15Â°52â€²12.1â€³N,100.992541,100Â°59â€²33.1â€³E,False,False,False,69950844.0,South-Eastern Asia,513120.0,2230.0
+670,Dili,125.5667,8Â°34â€²S,-8.5667,125Â°34â€²E,.tl,Asia,Timor-Leste,Timor-Leste,Ã–sttimor,USD,United States dollar,$,False,False,ğŸ‡¹ğŸ‡±,1959134743.83541,1457.8251,4417.5841,28.7,0.454,0.606,TL,TLS,626,14874.0,-8.874217,8Â°52â€²27.2â€³S,125.727539,125Â°43â€²39.1â€³E,False,False,False,1343875.0,South-Eastern Asia,14874.0,0.0
+228,LomÃ©,1.2228,6Â°7â€²55â€³N,6.1319,1Â°13â€²22â€³E,.tg,Africa,Togo,Togo,Togo,XOF,West African CFA franc,Fr,False,False,ğŸ‡¹ğŸ‡¬,8413200567.6151,992.3284,2380.1654,43.1,0.432,0.515,TG,TGO,768,54385.0,8.650573,8Â°39â€²2.1â€³N,1.075668,1Â°4â€²32.4â€³E,False,False,False,8478242.0,Western Africa,56785.0,2400.0
+690,,,,,,.tk,Oceania,Tokelau,Tokelau ,TokelauÃ¶arna,NZD,New Zealand dollar,$,False,False,ğŸ‡¹ğŸ‡°,,,,,,,TK,TKL,772,12.0,-8.967363,8Â°58â€²2.5â€³S,-171.855881,171Â°51â€²21.2â€³W,False,False,False,,Polynesia,12.0,0.0
+676,NukuÊ»alofa,-175.2,21Â°8â€²0â€³S,-21.1333,175Â°12â€²0â€³W,.to,Oceania,Tonga,Tonga,Tonga,TOP,Tongan paÊ»anga,T$,False,False,ğŸ‡¹ğŸ‡´,,,,37.6,0.531,0.725,TO,TON,776,717.0,-21.178986,21Â°10â€²44.3â€³S,-175.198242,175Â°11â€²53.7â€³W,False,False,False,106759.0,Polynesia,747.0,30.0
+1 868,Port of Spain,-61.5167,10Â°40â€²N,10.6667,61Â°31â€²W,.tt,North America,Trinidad and Tobago,Trinidad and Tobago,Trinidad och Tobago,TTD,Trinidad and Tobago dollar,$,False,False,ğŸ‡¹ğŸ‡¹,21391802311.0118,15243.1229,26868.0927,,0.603,0.796,TT,TTO,780,5128.0,10.448289,10Â°26â€²53.8â€³N,-61.257943,61Â°15â€²28.6â€³W,False,False,False,1403374.0,Caribbean,5128.0,0.0
+216,Tunis,10.1817,36Â°48â€²23â€³N,36.8064,10Â°10â€²54â€³E,.tn,Africa,Tunisia,Tunisia,Tunisien,TND,Tunisian dinar,Ø¯.Øª,False,False,ğŸ‡¹ğŸ‡³,46840042941.4922,3924.3439,11594.7207,32.8,0.517,0.74,TN,TUN,788,155360.0,33.886917,33Â°53â€²12.9â€³N,9.537499,9Â°32â€²15.0â€³E,False,False,False,11935764.0,Northern Africa,163610.0,8250.0
+90,Ankara,32.85,39Â°55â€²48â€³N,39.93,32Â°51â€²00â€³E,.tr,Asia,Turkey,Turkey,Turkiet,TRY,Turkish lira,â‚º,False,False,ğŸ‡¹ğŸ‡·,815271751724.423,9586.6125,30472.3799,41.9,0.649,0.82,TR,TUR,792,769632.0,38.963745,38Â°57â€²49.5â€³N,35.243322,35Â°14â€²36.0â€³E,True,True,False,85042736.0,Western Asia,783562.0,13930.0
+993,Ashgabat,58.3667,37Â°56â€²N,37.9333,58Â°22â€²E,.tm,Asia,Turkmenistan,Turkmenistan,Turkmenistan,TMT,Turkmenistan manat,m,False,False,ğŸ‡¹ğŸ‡²,,,,,,0.715,TM,TKM,795,469930.0,39.759206,39Â°45â€²33.1â€³N,58.769464,58Â°46â€²10.1â€³E,False,False,False,6117933.0,Central Asia,488100.0,18170.0
+1 649,Cockburn Town,-71.1389,21Â°27â€²32â€³N,21.4589,71Â°08â€²20â€³W,.tc,North America,Turks and Caicos Islands (the),Turks and Caicos Islands,Turks- och CaicosÃ¶arna,USD,United States dollar,$,False,False,ğŸ‡¹ğŸ‡¨,943269768.0,24047.0547,23390.4737,,,,TC,TCA,796,948.0,21.78032,21Â°46â€²49.2â€³N,-71.755229,71Â°45â€²18.8â€³W,False,False,False,39226.0,Caribbean,948.0,0.0
+688,Funafuti,179.2,08Â°31â€²S,-8.5167,179Â°12â€²E,.tv,Oceania,Tuvalu,Tuvalu,Tuvalu,TVD,Tuvaluan dollar,$,False,False,ğŸ‡¹ğŸ‡»,63100961.5384615,5291.4852,5082.446,39.1,0.448,,TV,TUV,798,26.0,-7.109535,7Â°6â€²34.3â€³S,177.64933,177Â°38â€²57.6â€³E,False,False,False,11925.0,Polynesia,26.0,0.0
+256,Kampala,32.5811,00Â°18â€²49â€³N,0.3136,32Â°34â€²52â€³E,.ug,Africa,Uganda,Uganda,Uganda,UGX,Ugandan shilling,Sh,False,False,ğŸ‡ºğŸ‡¬,40434701516.9528,858.0575,2397.761,42.8,0.384,0.544,UG,UGA,800,197100.0,1.368864,1Â°22â€²7.9â€³N,32.68777,32Â°41â€²16.0â€³E,False,False,False,47123533.0,Eastern Africa,241038.0,43938.0
+380,Kyiv,30.5233,50Â°27â€²00â€³N,50.45,30Â°31â€²24â€³E,.ua,Europe,Ukraine,Ukraine,Ukraina,UAH,Ukrainian hryvnia,â‚´,False,False,ğŸ‡ºğŸ‡¦,200085537744.354,4835.5718,14219.79,26.6,0.631,0.779,UA,UKR,804,579330.0,49.19813,49Â°11â€²53.3â€³N,31.503969,31Â°30â€²14.3â€³E,False,False,False,43814581.0,Eastern Europe,603550.0,24220.0
+971,Abu Dhabi,54.3667,24Â°28â€²N,24.4667,54Â°22â€²E,.ae,Asia,United Arab Emirates (the),United Arab Emirates,FÃ¶renade Arabemiraten,AED,United Arab Emirates dirham,Ø¯.Ø¥,False,False,ğŸ‡¦ğŸ‡ª,,,,26.0,0.673,0.89,AE,ARE,784,83600.0,23.980666,23Â°58â€²50.4â€³N,54.573994,54Â°34â€²26.4â€³E,False,False,True,9991083.0,Western Asia,83600.0,0.0
+44,London,-0.1275,51Â°30â€²26â€³N,51.5072,0Â°7â€²39â€³W,.uk,Europe,United Kingdom of Great Britain and Northern Ireland (the),United Kingdom,Storbritannien,GBP,Pound sterling,Â£,False,False,ğŸ‡¬ğŸ‡§,3186859739185.02,47334.3553,49675.3047,35.1,0.783,0.932,GB,GBR,826,241930.0,53.510554,53Â°30â€²38.0â€³N,-1.578321,1Â°34â€²42.0â€³W,True,True,False,67326569.0,Northern Europe,243610.0,1680.0
+1,,,,,,,,United States Minor Outlying Islands (the),United States Minor Outlying Islands,FÃ¶renta staternas mindre Ã¶ar i Oceanien och VÃ¤stindien,USD,United States dollar,$,False,False,ğŸ‡ºğŸ‡²,,,,,,,UM,UMI,581,,12.021708,12Â°1â€²18.1â€³N,177.590537,177Â°35â€²25.9â€³E,False,False,False,,,,
+1,"Washington, D.C.",-77.0147,38Â°54â€²36â€³N,38.91,77Â°00â€²53â€³W,.us,North America,United States of America (the),United States,USA,USD,United States dollar,$,False,False,ğŸ‡ºğŸ‡¸,22996100000000.0,69287.5366,69287.5366,41.4,0.702,0.926,US,USA,840,9147593.0,39.771005,39Â°46â€²15.6â€³N,-98.500016,98Â°30â€²0.1â€³W,True,True,False,331893745.0,Northern America,9833517.0,685924.0
+598,Montevideo,-56.1819,34Â°53â€²1â€³S,-34.8836,56Â°10â€²55â€³W,.uy,South America,Uruguay,Uruguay,Uruguay,UYU,Uruguayan peso,$,False,False,ğŸ‡ºğŸ‡¾,59319547636.0876,17020.6486,24625.4513,39.7,0.599,0.817,UY,URY,858,175015.0,-32.801726,32Â°48â€²6.2â€³S,-56.116685,56Â°7â€²0.1â€³W,False,False,False,3485152.0,South America,176215.0,1200.0
+998,Tashkent,69.2667,41Â°18â€²N,41.3,69Â°16â€²E,.uz,Asia,Uzbekistan,Uzbekistan,Uzbekistan,UZS,Uzbekistani soÊ»m,so'm or ÑÑĞ¼,False,False,ğŸ‡ºğŸ‡¿,69238903106.1738,1983.0647,8497.4483,35.3,0.623,0.72,UZ,UZB,860,425400.0,41.651192,41Â°39â€²4.3â€³N,63.765843,63Â°45â€²57.0â€³E,False,False,False,34915100.0,Central Asia,447400.0,22000.0
+678,Port Vila,168.3167,17Â°44â€²S,-17.7333,168Â°19â€²E,.vu,Oceania,Vanuatu,Vanuatu,Vanuatu,VUV,Vanuatu vatu,Vt,False,False,ğŸ‡»ğŸ‡º,983469256.849629,3127.4462,3105.1497,37.6,0.455,0.609,VU,VUT,548,12189.0,-15.376706,15Â°22â€²36.1â€³S,166.959158,166Â°57â€²33.0â€³E,False,False,False,314464.0,Melanesia,12189.0,0.0
+58,Caracas,-66.9036,10Â°28â€²50â€³N,10.4806,66Â°54â€²13â€³W,.ve,South America,Venezuela (Bolivarian Republic of),Venezuela,Venezuela,VES,Venezuelan bolÃ­var,Bs.S. or Bs.,False,False,ğŸ‡»ğŸ‡ª,,,,44.8,,0.711,VE,VEN,862,882050.0,7.411109,7Â°24â€²40.0â€³N,-65.729333,65Â°43â€²45.6â€³W,False,False,True,28704947.0,South America,912050.0,30000.0
+84,Hanoi,105.8542,21Â°01â€²42â€³N,21.0283,105Â°51â€²15â€³E,.vn,Asia,Viet Nam,Viet Nam,Vietnam,VND,Vietnamese Ä‘á»“ng,â‚«,False,False,ğŸ‡»ğŸ‡³,362637524070.969,3694.019,11553.0699,35.7,0.69,0.704,VN,VNM,704,310070.0,14.058324,14Â°3â€²30.0â€³N,108.277199,108Â°16â€²37.9â€³E,False,False,False,98168829.0,South-Eastern Asia,331210.0,21140.0
+1 284,Road Town,-64.6231,18Â°25â€²53â€³N,18.4314,64Â°37â€²23â€³W,.vg,North America,Virgin Islands (British),Virgin Islands (British),Brittiska JungfruÃ¶arna,USD,United States dollar,$,False,False,ğŸ‡»ğŸ‡¬,,,,,,,VG,VGB,92,151.0,18.420695,18Â°25â€²14.5â€³N,-64.639968,64Â°38â€²23.9â€³W,False,False,False,30423.0,Caribbean,151.0,0.0
+1 340,Charlotte Amalie,-64.95,18Â°21â€²N,18.35,64Â°57â€²W,.vi,North America,Virgin Islands (U.S.),Virgin Islands (U.S.),Amerikanska JungfruÃ¶arna,USD,United States dollar,$,False,False,ğŸ‡»ğŸ‡®,,,,,,,VI,VIR,850,,18.335765,18Â°20â€²8.8â€³N,-64.896335,64Â°53â€²46.8â€³W,False,False,False,105870.0,Caribbean,,
+681,Mata Utu,-176.1833,13Â°17â€²S,-13.2833,176Â°11â€²W,.wf,Oceania,Wallis and Futuna,Wallis and Futuna,Wallis- och FutunaÃ¶arna,XPF,CFP franc,â‚£,False,False,ğŸ‡¼ğŸ‡«,,,,,,,WF,WLF,876,142.0,-13.768752,13Â°46â€²7.5â€³S,-177.156097,177Â°9â€²21.9â€³W,False,False,False,,Polynesia,142.0,0.0
+212,El AaiÃºn,-13.2033,27Â°9â€²13â€³N,27.1536,13Â°12â€²12â€³W,.eh,Africa,Western Sahara,Western Sahara,VÃ¤stsahara,,,,False,False,ğŸ‡ªğŸ‡­,,,,,,,EH,ESH,732,266000.0,24.913479,24Â°54â€²48.5â€³N,-13.42188,13Â°25â€²18.8â€³W,False,False,False,,Northern Africa,266000.0,0.0
+967,Aden,45.0333,12Â°48â€²N,12.8,45Â°02â€²E,.ye,Asia,Yemen,Yemen,Jemen,YER,Yemeni rial,ï·¼,False,False,ğŸ‡¾ğŸ‡ª,21061691629.5369,690.7593,,36.7,0.373,0.47,YE,YEM,887,527968.0,15.552727,15Â°33â€²9.8â€³N,48.516388,48Â°30â€²59.0â€³E,False,False,False,30490639.0,Western Asia,527968.0,0.0
+260,Lusaka,28.2833,15Â°25â€²S,-15.4167,28Â°17â€²E,.zm,Africa,Zambia,Zambia,Zambia,ZMW,Zambian kwacha,ZK,False,False,ğŸ‡¿ğŸ‡²,21203059080.3507,1120.6302,3623.8549,57.1,0.397,0.584,ZM,ZMB,894,743398.0,-13.747852,13Â°44â€²52.3â€³S,27.804593,27Â°48â€²16.5â€³E,False,False,False,18920657.0,Eastern Africa,752618.0,9220.0
+263,Harare,31.0522,17Â°49â€²45â€³S,-17.8292,31Â°3â€²8â€³E,.zw,Africa,Zimbabwe,Zimbabwe,Zimbabwe,ZWB,RTGS dollar,ZWL$,False,False,ğŸ‡¿ğŸ‡¼,26217726717.3386,1737.174,2444.4782,50.3,0.467,0.571,ZW,ZWE,716,386847.0,-18.985133,18Â°59â€²6.5â€³S,29.889704,29Â°53â€²22.9â€³E,False,False,False,15092171.0,Eastern Africa,390757.0,3910.0
+358 18,Mariehamn,19.9333,60Â°06â€²N,60.1,019Â°56â€²E,.ax,,Ã…land Islands,Ã…land Islands,Ã…land,EUR,Euro,â‚¬,False,False,ğŸ‡¦ğŸ‡½,,,,,,,AX,ALA,248,,60.209445,60Â°12â€²34.0â€³N,20.134315,20Â°8â€²3.5â€³E,False,False,False,,,,
